date,session_key,gap_to_leader,interval,meeting_key,driver_number
2026-03-15T07:04:06.147000+00:00,11245,0.13,0.104,1280,16
2026-03-15T07:04:07.716000+00:00,11245,0.082,0.053,1280,16
2026-03-15T07:04:10.155000+00:00,11245,0.171,0.171,1280,16
2026-03-15T07:04:15.390000+00:00,11245,0.368,0.072,1280,16
2026-03-15T07:04:21.540000+00:00,11245,0.969,0.158,1280,16
2026-03-15T07:04:24.954000+00:00,11245,0.923,0.173,1280,16
2026-03-15T07:04:28.352000+00:00,11245,0.82,0.192,1280,16
2026-03-15T07:04:35.776000+00:00,11245,1.027,0.243,1280,16
2026-03-15T07:04:39.440000+00:00,11245,0.993,0.281,1280,16
2026-03-15T07:04:43.776000+00:00,11245,1.177,0.329,1280,16
2026-03-15T07:04:49.640000+00:00,11245,1.435,0.406,1280,16
2026-03-15T07:04:54.406000+00:00,11245,1.56,0.458,1280,16
2026-03-15T07:04:58.511000+00:00,11245,1.597,0.588,1280,16
2026-03-15T07:05:04.987000+00:00,11245,1.771,0.652,1280,16
2026-03-15T07:05:10.344000+00:00,11245,1.624,0.732,1280,16
2026-03-15T07:05:14.599000+00:00,11245,1.626,0.775,1280,16
2026-03-15T07:05:19.086000+00:00,11245,1.535,0.779,1280,16
2026-03-15T07:05:22.685000+00:00,11245,1.415,0.799,1280,16
2026-03-15T07:05:31.206000+00:00,11245,1.501,0.827,1280,16
2026-03-15T07:05:35.534000+00:00,11245,,0.905,1280,16
2026-03-15T07:05:36.566000+00:00,11245,1.514,0.885,1280,16
2026-03-15T07:05:38.941000+00:00,11245,1.604,0.912,1280,16
2026-03-15T07:05:40.378000+00:00,11245,1.616,0.925,1280,16
2026-03-15T07:05:41.144000+00:00,11245,,0.927,1280,16
2026-03-15T07:05:45.389000+00:00,11245,1.556,0.839,1280,16
2026-03-15T07:05:46.579000+00:00,11245,1.505,0.809,1280,16
2026-03-15T07:05:48.911000+00:00,11245,1.293,0.625,1280,16
2026-03-15T07:05:53.994000+00:00,11245,1.173,0.632,1280,16
2026-03-15T07:05:59.676000+00:00,11245,1.268,0.686,1280,16
2026-03-15T07:06:03.176000+00:00,11245,1.223,0.744,1280,16
2026-03-15T07:06:06.769000+00:00,11245,1.025,0.749,1280,16
2026-03-15T07:06:14.104000+00:00,11245,0.901,0.578,1280,16
2026-03-15T07:06:17.841000+00:00,11245,0.88,0.617,1280,16
2026-03-15T07:06:21.976000+00:00,11245,0.722,0.36,1280,16
2026-03-15T07:06:27.923000+00:00,11245,0.816,0.343,1280,16
2026-03-15T07:06:32.757000+00:00,11245,0.96,0.48,1280,16
2026-03-15T07:06:36.782000+00:00,11245,0.855,0.477,1280,16
2026-03-15T07:06:43.356000+00:00,11245,1.016,0.551,1280,16
2026-03-15T07:06:48.710000+00:00,11245,0.929,0.574,1280,16
2026-03-15T07:06:52.956000+00:00,11245,0.924,0.556,1280,16
2026-03-15T07:06:57.425000+00:00,11245,0.715,0.628,1280,16
2026-03-15T07:07:01.040000+00:00,11245,0.628,0.453,1280,16
2026-03-15T07:07:09.740000+00:00,11245,0.929,0.514,1280,16
2026-03-15T07:07:14.057000+00:00,11245,0.998,0.546,1280,16
2026-03-15T07:07:15.086000+00:00,11245,1.041,0.565,1280,16
2026-03-15T07:07:17.482000+00:00,11245,1.121,0.567,1280,16
2026-03-15T07:07:18.903000+00:00,11245,1.176,0.606,1280,16
2026-03-15T07:07:19.747000+00:00,11245,1.18,0.613,1280,16
2026-03-15T07:07:24.013000+00:00,11245,1.038,0.032,1280,16
2026-03-15T07:07:25.185000+00:00,11245,0.995,0.12,1280,16
2026-03-15T07:07:27.685000+00:00,11245,1.04,0.172,1280,16
2026-03-15T07:07:33.066000+00:00,11245,1.523,0.397,1280,16
2026-03-15T07:07:38.783000+00:00,11245,1.71,0.52,1280,16
2026-03-15T07:07:42.276000+00:00,11245,1.815,0.612,1280,16
2026-03-15T07:07:45.998000+00:00,11245,1.898,0.742,1280,16
2026-03-15T07:07:53.322000+00:00,11245,2.006,0.583,1280,16
2026-03-15T07:07:57.142000+00:00,11245,2.057,0.69,1280,16
2026-03-15T07:08:01.278000+00:00,11245,1.907,0.716,1280,16
2026-03-15T07:08:07.005000+00:00,11245,1.924,0.649,1280,16
2026-03-15T07:08:11.791000+00:00,11245,2.137,0.616,1280,16
2026-03-15T07:08:15.946000+00:00,11245,2.229,0.668,1280,16
2026-03-15T07:08:22.608000+00:00,11245,2.414,0.878,1280,16
2026-03-15T07:08:27.929000+00:00,11245,2.388,0.844,1280,16
2026-03-15T07:08:32.241000+00:00,11245,2.461,0.925,1280,16
2026-03-15T07:08:36.706000+00:00,11245,2.324,0.692,1280,16
2026-03-15T07:08:40.351000+00:00,11245,2.105,0.484,1280,16
2026-03-15T07:08:49.072000+00:00,11245,2.299,0.62,1280,16
2026-03-15T07:08:53.383000+00:00,11245,2.343,0.672,1280,16
2026-03-15T07:08:54.335000+00:00,11245,2.336,0.661,1280,16
2026-03-15T07:08:56.676000+00:00,11245,2.332,0.72,1280,16
2026-03-15T07:08:58.185000+00:00,11245,2.33,0.742,1280,16
2026-03-15T07:08:58.855000+00:00,11245,2.315,0.755,1280,16
2026-03-15T07:09:03.079000+00:00,11245,2.111,0.709,1280,16
2026-03-15T07:09:04.273000+00:00,11245,2.051,0.632,1280,16
2026-03-15T07:09:06.669000+00:00,11245,2.057,0.455,1280,16
2026-03-15T07:09:11.657000+00:00,11245,2.034,0.552,1280,16
2026-03-15T07:09:17.258000+00:00,11245,2.145,0.641,1280,16
2026-03-15T07:09:20.809000+00:00,11245,2.228,0.702,1280,16
2026-03-15T07:09:24.408000+00:00,11245,2.231,0.651,1280,16
2026-03-15T07:09:31.731000+00:00,11245,2.418,0.697,1280,16
2026-03-15T07:09:35.465000+00:00,11245,2.464,0.73,1280,16
2026-03-15T07:09:39.640000+00:00,11245,2.332,0.733,1280,16
2026-03-15T07:09:45.294000+00:00,11245,2.323,0.736,1280,16
2026-03-15T07:09:49.969000+00:00,11245,2.462,0.749,1280,16
2026-03-15T07:09:54.076000+00:00,11245,2.555,0.783,1280,16
2026-03-15T07:10:00.591000+00:00,11245,2.776,0.835,1280,16
2026-03-15T07:10:06.017000+00:00,11245,2.793,0.867,1280,16
2026-03-15T07:10:10.330000+00:00,11245,2.848,0.89,1280,16
2026-03-15T07:10:14.845000+00:00,11245,2.819,0.927,1280,16
2026-03-15T07:10:18.627000+00:00,11245,2.748,0.969,1280,16
2026-03-15T07:10:27.111000+00:00,11245,2.83,1.0,1280,16
2026-03-15T07:10:31.276000+00:00,11245,2.771,0.861,1280,16
2026-03-15T07:10:32.231000+00:00,11245,2.767,0.822,1280,16
2026-03-15T07:10:34.551000+00:00,11245,2.774,0.794,1280,16
2026-03-15T07:10:35.942000+00:00,11245,2.773,0.784,1280,16
2026-03-15T07:10:36.692000+00:00,11245,2.756,0.775,1280,16
2026-03-15T07:10:40.864000+00:00,11245,2.497,0.658,1280,16
2026-03-15T07:10:42.004000+00:00,11245,2.416,0.623,1280,16
2026-03-15T07:10:44.270000+00:00,11245,2.374,0.576,1280,16
2026-03-15T07:10:49.286000+00:00,11245,2.503,0.601,1280,16
2026-03-15T07:10:54.968000+00:00,11245,2.54,0.714,1280,16
2026-03-15T07:10:58.548000+00:00,11245,2.699,0.775,1280,16
2026-03-15T07:11:02.210000+00:00,11245,2.803,0.799,1280,16
2026-03-15T07:11:09.502000+00:00,11245,2.965,0.91,1280,16
2026-03-15T07:11:13.266000+00:00,11245,2.991,0.915,1280,16
2026-03-15T07:11:17.422000+00:00,11245,2.855,0.909,1280,16
2026-03-15T07:11:23.126000+00:00,11245,2.83,0.911,1280,16
2026-03-15T07:11:27.766000+00:00,11245,2.866,0.902,1280,16
2026-03-15T07:11:31.922000+00:00,11245,2.93,0.877,1280,16
2026-03-15T07:11:38.501000+00:00,11245,3.134,0.971,1280,16
2026-03-15T07:11:43.891000+00:00,11245,3.118,0.923,1280,16
2026-03-15T07:11:48.188000+00:00,11245,3.178,0.95,1280,16
2026-03-15T07:11:52.688000+00:00,11245,3.057,0.909,1280,16
2026-03-15T07:11:56.341000+00:00,11245,2.904,0.858,1280,16
2026-03-15T07:12:04.756000+00:00,11245,2.906,1.008,1280,16
2026-03-15T07:12:09.142000+00:00,11245,3.025,1.067,1280,16
2026-03-15T07:12:10.017000+00:00,11245,3.01,1.037,1280,16
2026-03-15T07:12:12.345000+00:00,11245,3.066,1.059,1280,16
2026-03-15T07:12:13.798000+00:00,11245,3.085,1.037,1280,16
2026-03-15T07:12:14.564000+00:00,11245,3.084,1.002,1280,16
2026-03-15T07:12:18.878000+00:00,11245,2.973,0.757,1280,16
2026-03-15T07:12:20.082000+00:00,11245,2.929,0.708,1280,16
2026-03-15T07:12:22.426000+00:00,11245,2.972,0.565,1280,16
2026-03-15T07:12:27.379000+00:00,11245,3.121,0.473,1280,16
2026-03-15T07:12:33.004000+00:00,11245,3.279,0.672,1280,16
2026-03-15T07:12:36.645000+00:00,11245,3.441,0.748,1280,16
2026-03-15T07:12:40.393000+00:00,11245,3.527,0.76,1280,16
2026-03-15T07:12:47.622000+00:00,11245,3.701,0.867,1280,16
2026-03-15T07:12:51.386000+00:00,11245,3.733,0.888,1280,16
2026-03-15T07:12:55.595000+00:00,11245,3.715,0.988,1280,16
2026-03-15T07:13:01.330000+00:00,11245,3.756,1.036,1280,16
2026-03-15T07:13:06.064000+00:00,11245,3.846,1.045,1280,16
2026-03-15T07:13:10.205000+00:00,11245,3.951,1.13,1280,16
2026-03-15T07:13:16.595000+00:00,11245,4.044,1.139,1280,16
2026-03-15T07:13:21.970000+00:00,11245,3.984,1.043,1280,16
2026-03-15T07:13:26.236000+00:00,11245,4.025,1.052,1280,16
2026-03-15T07:13:30.798000+00:00,11245,4.011,1.144,1280,16
2026-03-15T07:13:34.574000+00:00,11245,3.969,1.237,1280,16
2026-03-15T07:13:42.956000+00:00,11245,4.007,1.289,1280,16
2026-03-15T07:13:47.278000+00:00,11245,4.09,1.383,1280,16
2026-03-15T07:13:48.192000+00:00,11245,4.098,1.378,1280,16
2026-03-15T07:13:50.522000+00:00,11245,4.065,1.351,1280,16
2026-03-15T07:13:51.932000+00:00,11245,4.059,1.259,1280,16
2026-03-15T07:13:52.709000+00:00,11245,4.048,1.176,1280,16
2026-03-15T07:13:56.976000+00:00,11245,3.9,0.728,1280,16
2026-03-15T07:13:58.164000+00:00,11245,3.852,0.638,1280,16
2026-03-15T07:14:00.436000+00:00,11245,3.774,0.471,1280,16
2026-03-15T07:14:05.447000+00:00,11245,3.762,0.496,1280,16
2026-03-15T07:14:11.023000+00:00,11245,3.89,0.659,1280,16
2026-03-15T07:14:14.549000+00:00,11245,3.973,0.661,1280,16
2026-03-15T07:14:18.219000+00:00,11245,4.045,0.715,1280,16
2026-03-15T07:14:25.435000+00:00,11245,4.229,0.91,1280,16
2026-03-15T07:14:29.232000+00:00,11245,4.241,0.904,1280,16
2026-03-15T07:14:33.308000+00:00,11245,4.104,0.765,1280,16
2026-03-15T07:14:39.073000+00:00,11245,4.096,0.784,1280,16
2026-03-15T07:14:43.841000+00:00,11245,4.223,0.825,1280,16
2026-03-15T07:14:47.970000+00:00,11245,4.311,0.814,1280,16
2026-03-15T07:14:54.570000+00:00,11245,4.521,0.952,1280,16
2026-03-15T07:14:59.874000+00:00,11245,4.483,0.843,1280,16
2026-03-15T07:15:04.139000+00:00,11245,4.525,0.836,1280,16
2026-03-15T07:15:08.748000+00:00,11245,4.565,0.86,1280,16
2026-03-15T07:15:12.545000+00:00,11245,4.545,0.856,1280,16
2026-03-15T07:15:21.037000+00:00,11245,4.598,0.933,1280,16
2026-03-15T07:15:25.325000+00:00,11245,4.675,0.99,1280,16
2026-03-15T07:15:26.201000+00:00,11245,4.653,0.986,1280,16
2026-03-15T07:15:28.498000+00:00,11245,4.642,0.963,1280,16
2026-03-15T07:15:29.920000+00:00,11245,4.639,0.951,1280,16
2026-03-15T07:15:30.685000+00:00,11245,4.63,0.949,1280,16
2026-03-15T07:15:34.998000+00:00,11245,4.523,1.012,1280,16
2026-03-15T07:15:36.201000+00:00,11245,4.492,1.025,1280,16
2026-03-15T07:15:38.513000+00:00,11245,4.455,0.909,1280,16
2026-03-15T07:15:43.592000+00:00,11245,4.537,0.901,1280,16
2026-03-15T07:15:49.138000+00:00,11245,4.605,0.997,1280,16
2026-03-15T07:15:52.685000+00:00,11245,4.662,0.977,1280,16
2026-03-15T07:15:56.173000+00:00,11245,4.665,0.857,1280,16
2026-03-15T07:16:03.613000+00:00,11245,4.848,0.992,1280,16
2026-03-15T07:16:07.201000+00:00,11245,4.869,0.981,1280,16
2026-03-15T07:16:11.292000+00:00,11245,4.768,0.951,1280,16
2026-03-15T07:16:16.939000+00:00,11245,4.737,1.016,1280,16
2026-03-15T07:16:21.717000+00:00,11245,4.804,0.961,1280,16
2026-03-15T07:16:25.905000+00:00,11245,4.934,0.936,1280,16
2026-03-15T07:16:32.420000+00:00,11245,5.116,1.07,1280,16
2026-03-15T07:16:37.842000+00:00,11245,5.166,1.064,1280,16
2026-03-15T07:16:42.108000+00:00,11245,5.21,1.068,1280,16
2026-03-15T07:16:46.661000+00:00,11245,5.147,0.96,1280,16
2026-03-15T07:16:50.403000+00:00,11245,5.064,0.835,1280,16
2026-03-15T07:16:58.776000+00:00,11245,5.016,0.924,1280,16
2026-03-15T07:17:03.041000+00:00,11245,5.072,0.909,1280,16
2026-03-15T07:17:03.963000+00:00,11245,5.055,0.886,1280,16
2026-03-15T07:17:06.281000+00:00,11245,5.084,0.839,1280,16
2026-03-15T07:17:07.708000+00:00,11245,5.094,0.819,1280,16
2026-03-15T07:17:08.476000+00:00,11245,5.102,0.814,1280,16
2026-03-15T07:17:12.909000+00:00,11245,5.1,0.782,1280,16
2026-03-15T07:17:14.177000+00:00,11245,5.086,0.761,1280,16
2026-03-15T07:17:16.493000+00:00,11245,5.065,0.611,1280,16
2026-03-15T07:17:21.533000+00:00,11245,5.221,0.702,1280,16
2026-03-15T07:17:27.218000+00:00,11245,5.466,0.89,1280,16
2026-03-15T07:17:30.687000+00:00,11245,5.44,0.845,1280,16
2026-03-15T07:17:34.235000+00:00,11245,5.382,0.71,1280,16
2026-03-15T07:17:41.413000+00:00,11245,5.523,0.78,1280,16
2026-03-15T07:17:45.209000+00:00,11245,5.535,0.768,1280,16
2026-03-15T07:17:49.941000+00:00,11245,5.422,0.619,1280,16
2026-03-15T07:17:55.102000+00:00,11245,5.442,0.642,1280,16
2026-03-15T07:17:59.963000+00:00,11245,5.574,0.722,1280,16
2026-03-15T07:18:04.097000+00:00,11245,5.653,0.752,1280,16
2026-03-15T07:18:12.313000+00:00,11245,5.865,0.958,1280,16
2026-03-15T07:18:16.020000+00:00,11245,5.86,0.888,1280,16
2026-03-15T07:18:20.317000+00:00,11245,5.909,0.884,1280,16
2026-03-15T07:18:24.835000+00:00,11245,5.89,0.808,1280,16
2026-03-15T07:18:28.587000+00:00,11245,5.855,0.712,1280,16
2026-03-15T07:18:37+00:00,11245,5.875,0.681,1280,16
2026-03-15T07:18:41.257000+00:00,11245,5.922,0.648,1280,16
2026-03-15T07:18:42.193000+00:00,11245,5.934,0.617,1280,16
2026-03-15T07:18:44.449000+00:00,11245,5.895,0.591,1280,16
2026-03-15T07:18:45.856000+00:00,11245,5.887,0.578,1280,16
2026-03-15T07:18:46.657000+00:00,11245,5.876,0.573,1280,16
2026-03-15T07:18:50.867000+00:00,11245,5.753,0.529,1280,16
2026-03-15T07:18:52.089000+00:00,11245,5.71,0.498,1280,16
2026-03-15T07:18:54.380000+00:00,11245,5.717,0.357,1280,16
2026-03-15T07:18:59.458000+00:00,11245,5.881,0.463,1280,16
2026-03-15T07:19:05.177000+00:00,11245,6.18,0.687,1280,16
2026-03-15T07:19:08.677000+00:00,11245,6.203,0.641,1280,16
2026-03-15T07:19:12.349000+00:00,11245,6.271,0.582,1280,16
2026-03-15T07:19:19.770000+00:00,11245,6.61,0.843,1280,16
2026-03-15T07:19:23.556000+00:00,11245,6.629,0.828,1280,16
2026-03-15T07:19:27.667000+00:00,11245,6.518,0.788,1280,16
2026-03-15T07:19:33.477000+00:00,11245,6.57,0.916,1280,16
2026-03-15T07:19:38.270000+00:00,11245,6.667,0.937,1280,16
2026-03-15T07:19:42.456000+00:00,11245,6.773,1.037,1280,16
2026-03-15T07:19:48.935000+00:00,11245,6.965,1.209,1280,16
2026-03-15T07:19:54.719000+00:00,11245,7.3,1.506,1280,16
2026-03-15T07:19:59.149000+00:00,11245,7.459,1.627,1280,16
2026-03-15T07:20:03.677000+00:00,11245,7.43,1.511,1280,16
2026-03-15T07:20:07.467000+00:00,11245,7.466,1.455,1280,16
2026-03-15T07:20:21.467000+00:00,11245,11.759,2.417,1280,16
2026-03-15T07:20:27.092000+00:00,11245,10.542,2.459,1280,16
2026-03-15T07:20:27.983000+00:00,11245,10.596,2.341,1280,16
2026-03-15T07:21:05.673000+00:00,11245,13.978,1.12,1280,16
2026-03-15T07:21:08.829000+00:00,11245,13.639,0.866,1280,16
2026-03-15T07:21:15.704000+00:00,11245,12.334,0.799,1280,16
2026-03-15T07:21:23.643000+00:00,11245,12.166,1.68,1280,16
2026-03-15T07:21:31.289000+00:00,11245,13.625,2.511,1280,16
2026-03-15T07:21:35.797000+00:00,11245,11.496,1.632,1280,16
2026-03-15T07:21:46.741000+00:00,11245,11.611,2.522,1280,16
2026-03-15T07:21:50.802000+00:00,11245,9.966,2.377,1280,16
2026-03-15T07:21:55.289000+00:00,11245,7.595,1.779,1280,16
2026-03-15T07:22:04.220000+00:00,11245,7.15,1.138,1280,16
2026-03-15T07:22:11.623000+00:00,11245,7.599,2.7,1280,16
2026-03-15T07:22:16.874000+00:00,11245,7.377,1.671,1280,16
2026-03-15T07:22:27.057000+00:00,11245,7.958,2.547,1280,16
2026-03-15T07:22:34.661000+00:00,11245,7.287,2.236,1280,16
2026-03-15T07:22:40.833000+00:00,11245,7.357,1.417,1280,16
2026-03-15T07:22:48.018000+00:00,11245,5.823,0.7,1280,16
2026-03-15T07:22:54.004000+00:00,11245,5.793,0.979,1280,16
2026-03-15T07:23:08.543000+00:00,11245,7.222,2.061,1280,16
2026-03-15T07:23:13.577000+00:00,11245,7.112,1.191,1280,16
2026-03-15T07:23:15.085000+00:00,11245,7.218,1.594,1280,16
2026-03-15T07:23:18.070000+00:00,11245,6.392,1.675,1280,16
2026-03-15T07:23:19.773000+00:00,11245,6.176,1.265,1280,16
2026-03-15T07:23:20.742000+00:00,11245,6.113,1.025,1280,16
2026-03-15T07:23:26.341000+00:00,11245,5.535,0.694,1280,16
2026-03-15T07:23:29.210000+00:00,11245,6.272,0.554,1280,16
2026-03-15T07:23:32.760000+00:00,11245,5.523,0.445,1280,16
2026-03-15T07:23:43.933000+00:00,11245,6.287,1.277,1280,16
2026-03-15T07:23:53.456000+00:00,11245,6.109,1.299,1280,16
2026-03-15T07:23:58.574000+00:00,11245,6.33,1.203,1280,16
2026-03-15T07:24:02.954000+00:00,11245,5.539,1.017,1280,16
2026-03-15T07:24:15.223000+00:00,11245,7.05,2.237,1280,16
2026-03-15T07:24:19.677000+00:00,11245,6.969,1.86,1280,16
2026-03-15T07:24:25.843000+00:00,11245,5.583,1.1,1280,16
2026-03-15T07:24:34.296000+00:00,11245,5.587,1.533,1280,16
2026-03-15T07:24:42.611000+00:00,11245,7.38,2.53,1280,16
2026-03-15T07:24:47.678000+00:00,11245,6.807,2.193,1280,16
2026-03-15T07:24:58.955000+00:00,11245,8.647,1.678,1280,16
2026-03-15T07:25:05.861000+00:00,11245,7.33,2.123,1280,16
2026-03-15T07:25:10.777000+00:00,11245,6.302,1.015,1280,16
2026-03-15T07:25:16.712000+00:00,11245,4.945,0.447,1280,16
2026-03-15T07:25:23.442000+00:00,11245,5.462,0.97,1280,16
2026-03-15T07:25:37.481000+00:00,11245,6.167,1.946,1280,16
2026-03-15T07:25:42.257000+00:00,11245,6.108,1.188,1280,16
2026-03-15T07:25:43.281000+00:00,11245,5.621,0.975,1280,16
2026-03-15T07:25:46.642000+00:00,11245,4.969,1.19,1280,16
2026-03-15T07:25:49.778000+00:00,11245,6.209,1.51,1280,16
2026-03-15T07:25:50.953000+00:00,11245,6.385,1.383,1280,16
2026-03-15T07:25:56.038000+00:00,11245,5.592,0.9,1280,16
2026-03-15T07:25:58.059000+00:00,11245,5.798,0.491,1280,16
2026-03-15T07:26:02.310000+00:00,11245,6.04,0.798,1280,16
2026-03-15T07:26:11.133000+00:00,11245,6.023,0.797,1280,16
2026-03-15T07:26:17.650000+00:00,11245,6.002,1.128,1280,16
2026-03-15T07:26:23.459000+00:00,11245,6.461,2.085,1280,16
2026-03-15T07:26:27.648000+00:00,11245,6.368,1.667,1280,16
2026-03-15T07:26:38.302000+00:00,11245,6.201,1.07,1280,16
2026-03-15T07:26:42.474000+00:00,11245,5.811,0.676,1280,16
2026-03-15T07:26:48.536000+00:00,11245,5.498,1.124,1280,16
2026-03-15T07:26:57.771000+00:00,11245,5.485,1.429,1280,16
2026-03-15T07:27:06.614000+00:00,11245,6.347,1.514,1280,16
2026-03-15T07:27:12.536000+00:00,11245,7.208,2.082,1280,16
2026-03-15T07:27:23.521000+00:00,11245,7.048,1.208,1280,16
2026-03-15T07:27:31.146000+00:00,11245,4.582,0.942,1280,16
2026-03-15T07:27:39.078000+00:00,11245,3.513,0.752,1280,16
2026-03-15T07:27:47.533000+00:00,11245,2.77,0.453,1280,16
2026-03-15T07:27:55.342000+00:00,11245,3.025,0.581,1280,16
2026-03-15T07:28:06.981000+00:00,11245,2.59,0.508,1280,16
2026-03-15T07:28:11.441000+00:00,11245,2.396,0.348,1280,16
2026-03-15T07:28:12.550000+00:00,11245,2.47,0.359,1280,16
2026-03-15T07:28:15.191000+00:00,11245,2.408,0.318,1280,16
2026-03-15T07:28:16.644000+00:00,11245,2.372,0.305,1280,16
2026-03-15T07:28:17.426000+00:00,11245,2.35,0.298,1280,16
2026-03-15T07:28:21.441000+00:00,11245,2.127,0.271,1280,16
2026-03-15T07:28:22.550000+00:00,11245,2.013,0.243,1280,16
2026-03-15T07:28:25.068000+00:00,11245,2.046,0.236,1280,16
2026-03-15T07:28:30.348000+00:00,11245,2.252,0.232,1280,16
2026-03-15T07:28:36.278000+00:00,11245,2.351,0.091,1280,16
2026-03-15T07:28:39.911000+00:00,11245,2.544,0.321,1280,16
2026-03-15T07:28:43.461000+00:00,11245,2.564,0.405,1280,16
2026-03-15T07:28:51.158000+00:00,11245,2.822,0.461,1280,16
2026-03-15T07:28:54.856000+00:00,11245,2.828,0.484,1280,16
2026-03-15T07:28:59.108000+00:00,11245,2.774,0.277,1280,16
2026-03-15T07:29:05.381000+00:00,11245,3.147,0.283,1280,16
2026-03-15T07:29:10.287000+00:00,11245,3.314,0.293,1280,16
2026-03-15T07:29:14.381000+00:00,11245,3.407,0.326,1280,16
2026-03-15T07:29:21.297000+00:00,11245,3.935,0.415,1280,16
2026-03-15T07:29:26.848000+00:00,11245,3.862,0.265,1280,16
2026-03-15T07:29:31.080000+00:00,11245,3.899,0.282,1280,16
2026-03-15T07:29:35.511000+00:00,11245,3.771,0.229,1280,16
2026-03-15T07:29:39.007000+00:00,11245,3.494,0.191,1280,16
2026-03-15T07:29:47.663000+00:00,11245,3.649,0.725,1280,16
2026-03-15T07:29:51.778000+00:00,11245,3.455,0.543,1280,16
2026-03-15T07:29:52.749000+00:00,11245,3.401,0.453,1280,16
2026-03-15T07:29:55.110000+00:00,11245,3.309,0.415,1280,16
2026-03-15T07:29:56.524000+00:00,11245,3.272,0.346,1280,16
2026-03-15T07:29:57.305000+00:00,11245,3.244,0.279,1280,16
2026-03-15T07:30:01.305000+00:00,11245,2.894,0.006,1280,16
2026-03-15T07:30:02.415000+00:00,11245,2.773,0.823,1280,16
2026-03-15T07:30:04.665000+00:00,11245,2.658,0.671,1280,16
2026-03-15T07:30:09.649000+00:00,11245,2.583,0.571,1280,16
2026-03-15T07:30:15.339000+00:00,11245,2.692,0.658,1280,16
2026-03-15T07:30:18.858000+00:00,11245,2.773,0.81,1280,16
2026-03-15T07:30:22.579000+00:00,11245,2.881,0.848,1280,16
2026-03-15T07:30:30.208000+00:00,11245,3.051,0.846,1280,16
2026-03-15T07:30:33.711000+00:00,11245,3.033,0.882,1280,16
2026-03-15T07:30:37.813000+00:00,11245,2.85,0.785,1280,16
2026-03-15T07:30:43.588000+00:00,11245,2.739,0.616,1280,16
2026-03-15T07:30:48.323000+00:00,11245,2.838,0.576,1280,16
2026-03-15T07:30:52.443000+00:00,11245,2.882,0.627,1280,16
2026-03-15T07:30:59.087000+00:00,11245,3.117,0.681,1280,16
2026-03-15T07:31:04.337000+00:00,11245,2.94,0.367,1280,16
2026-03-15T07:31:08.547000+00:00,11245,2.942,0.276,1280,16
2026-03-15T07:31:12.875000+00:00,11245,2.667,0.088,1280,16
2026-03-15T07:31:16.375000+00:00,11245,2.372,0.843,1280,16
2026-03-15T07:31:24.753000+00:00,11245,2.322,0.591,1280,16
2026-03-15T07:31:29.081000+00:00,11245,2.372,0.605,1280,16
2026-03-15T07:31:29.987000+00:00,11245,2.325,0.545,1280,16
2026-03-15T07:31:32.331000+00:00,11245,2.256,0.496,1280,16
2026-03-15T07:31:33.800000+00:00,11245,2.237,0.479,1280,16
2026-03-15T07:31:34.488000+00:00,11245,2.227,0.459,1280,16
2026-03-15T07:31:38.637000+00:00,11245,2.166,0.217,1280,16
2026-03-15T07:31:39.758000+00:00,11245,2.116,0.141,1280,16
2026-03-15T07:31:42.069000+00:00,11245,2.135,0.123,1280,16
2026-03-15T07:31:47.042000+00:00,11245,2.269,0.179,1280,16
2026-03-15T07:31:52.742000+00:00,11245,2.489,0.117,1280,16
2026-03-15T07:31:56.112000+00:00,11245,2.495,1.822,1280,16
2026-03-15T07:31:59.776000+00:00,11245,2.578,1.88,1280,16
2026-03-15T07:32:06.893000+00:00,11245,2.631,1.884,1280,16
2026-03-15T07:32:10.622000+00:00,11245,2.647,1.898,1280,16
2026-03-15T07:32:14.899000+00:00,11245,2.787,2.058,1280,16
2026-03-15T07:32:20.509000+00:00,11245,2.743,2.08,1280,16
2026-03-15T07:32:25.196000+00:00,11245,2.822,2.04,1280,16
2026-03-15T07:32:29.337000+00:00,11245,2.872,2.023,1280,16
2026-03-15T07:32:35.766000+00:00,11245,2.963,1.993,1280,16
2026-03-15T07:32:41.249000+00:00,11245,3.115,2.168,1280,16
2026-03-15T07:32:45.484000+00:00,11245,3.16,2.19,1280,16
2026-03-15T07:32:50+00:00,11245,3.081,2.188,1280,16
2026-03-15T07:32:53.759000+00:00,11245,2.991,2.21,1280,16
2026-03-15T07:33:02.074000+00:00,11245,2.917,2.11,1280,16
2026-03-15T07:33:06.381000+00:00,11245,2.986,2.109,1280,16
2026-03-15T07:33:07.278000+00:00,11245,2.961,2.065,1280,16
2026-03-15T07:33:09.578000+00:00,11245,2.929,2.077,1280,16
2026-03-15T07:33:11.019000+00:00,11245,2.928,2.087,1280,16
2026-03-15T07:33:11.793000+00:00,11245,2.929,2.099,1280,16
2026-03-15T07:33:16.125000+00:00,11245,2.908,2.204,1280,16
2026-03-15T07:33:17.378000+00:00,11245,2.905,2.242,1280,16
2026-03-15T07:33:19.612000+00:00,11245,2.852,2.122,1280,16
2026-03-15T07:33:24.480000+00:00,11245,2.824,2.111,1280,16
2026-03-15T07:33:29.996000+00:00,11245,2.962,2.107,1280,16
2026-03-15T07:33:33.512000+00:00,11245,3.009,2.15,1280,16
2026-03-15T07:33:37.230000+00:00,11245,3.153,2.308,1280,16
2026-03-15T07:33:44.262000+00:00,11245,3.158,2.331,1280,16
2026-03-15T07:33:48.022000+00:00,11245,3.207,2.357,1280,16
2026-03-15T07:33:52.153000+00:00,11245,3.235,2.376,1280,16
2026-03-15T07:33:57.678000+00:00,11245,3.014,2.26,1280,16
2026-03-15T07:34:02.349000+00:00,11245,3.128,2.267,1280,16
2026-03-15T07:34:06.501000+00:00,11245,3.247,2.351,1280,16
2026-03-15T07:34:12.846000+00:00,11245,3.279,2.39,1280,16
2026-03-15T07:34:18.205000+00:00,11245,3.295,2.399,1280,16
2026-03-15T07:34:22.440000+00:00,11245,3.342,2.422,1280,16
2026-03-15T07:34:27.037000+00:00,11245,3.391,2.48,1280,16
2026-03-15T07:34:30.849000+00:00,11245,3.448,2.538,1280,16
2026-03-15T07:34:39.069000+00:00,11245,3.391,2.374,1280,16
2026-03-15T07:34:43.303000+00:00,11245,3.412,2.338,1280,16
2026-03-15T07:34:44.194000+00:00,11245,3.348,2.309,1280,16
2026-03-15T07:34:46.479000+00:00,11245,3.267,2.279,1280,16
2026-03-15T07:34:47.866000+00:00,11245,3.26,2.281,1280,16
2026-03-15T07:34:48.661000+00:00,11245,3.251,2.279,1280,16
2026-03-15T07:34:52.858000+00:00,11245,3.092,2.208,1280,16
2026-03-15T07:34:54.059000+00:00,11245,3.048,2.187,1280,16
2026-03-15T07:34:56.268000+00:00,11245,2.926,1.942,1280,16
2026-03-15T07:35:01.076000+00:00,11245,2.9,1.911,1280,16
2026-03-15T07:35:06.594000+00:00,11245,2.927,1.832,1280,16
2026-03-15T07:35:10+00:00,11245,2.94,1.842,1280,16
2026-03-15T07:35:13.688000+00:00,11245,3.052,1.847,1280,16
2026-03-15T07:35:20.719000+00:00,11245,3.048,1.789,1280,16
2026-03-15T07:35:24.500000+00:00,11245,3.091,1.783,1280,16
2026-03-15T07:35:28.610000+00:00,11245,2.901,1.769,1280,16
2026-03-15T07:35:34.224000+00:00,11245,2.714,1.734,1280,16
2026-03-15T07:35:38.882000+00:00,11245,2.78,1.749,1280,16
2026-03-15T07:35:43.025000+00:00,11245,2.854,1.841,1280,16
2026-03-15T07:35:49.426000+00:00,11245,2.895,1.933,1280,16
2026-03-15T07:35:54.750000+00:00,11245,2.858,1.939,1280,16
2026-03-15T07:35:58.985000+00:00,11245,2.888,1.947,1280,16
2026-03-15T07:36:03.513000+00:00,11245,2.932,1.949,1280,16
2026-03-15T07:36:07.372000+00:00,11245,2.983,1.961,1280,16
2026-03-15T07:36:15.638000+00:00,11245,2.857,1.84,1280,16
2026-03-15T07:36:19.890000+00:00,11245,2.911,1.837,1280,16
2026-03-15T07:36:20.765000+00:00,11245,2.851,1.8,1280,16
2026-03-15T07:36:23.062000+00:00,11245,2.792,1.767,1280,16
2026-03-15T07:36:24.484000+00:00,11245,2.789,1.763,1280,16
2026-03-15T07:36:25.250000+00:00,11245,2.791,1.761,1280,16
2026-03-15T07:36:29.579000+00:00,11245,2.774,1.743,1280,16
2026-03-15T07:36:30.834000+00:00,11245,2.768,1.744,1280,16
2026-03-15T07:36:33.116000+00:00,11245,2.729,1.625,1280,16
2026-03-15T07:36:37.797000+00:00,11245,2.57,1.506,1280,16
2026-03-15T07:36:43.297000+00:00,11245,2.601,1.453,1280,16
2026-03-15T07:36:46.717000+00:00,11245,2.635,1.458,1280,16
2026-03-15T07:36:50.337000+00:00,11245,2.65,1.461,1280,16
2026-03-15T07:36:57.319000+00:00,11245,2.573,1.425,1280,16
2026-03-15T07:37:01.115000+00:00,11245,2.606,1.448,1280,16
2026-03-15T07:37:05.222000+00:00,11245,2.456,1.4,1280,16
2026-03-15T07:37:10.810000+00:00,11245,2.239,1.281,1280,16
2026-03-15T07:37:15.543000+00:00,11245,2.366,1.363,1280,16
2026-03-15T07:37:19.651000+00:00,11245,2.46,1.469,1280,16
2026-03-15T07:37:26.179000+00:00,11245,2.689,1.718,1280,16
2026-03-15T07:37:31.560000+00:00,11245,2.729,1.744,1280,16
2026-03-15T07:37:35.794000+00:00,11245,2.763,1.752,1280,16
2026-03-15T07:37:40.406000+00:00,11245,2.802,1.742,1280,16
2026-03-15T07:37:44.201000+00:00,11245,2.828,1.739,1280,16
2026-03-15T07:37:52.482000+00:00,11245,2.855,1.661,1280,16
2026-03-15T07:37:56.748000+00:00,11245,2.934,1.663,1280,16
2026-03-15T07:37:57.670000+00:00,11245,2.914,1.645,1280,16
2026-03-15T07:37:59.934000+00:00,11245,2.849,1.563,1280,16
2026-03-15T07:38:01.379000+00:00,11245,2.839,1.537,1280,16
2026-03-15T07:38:02.125000+00:00,11245,2.836,1.519,1280,16
2026-03-15T07:38:06.488000+00:00,11245,2.808,1.422,1280,16
2026-03-15T07:38:07.645000+00:00,11245,2.796,1.402,1280,16
2026-03-15T07:38:09.914000+00:00,11245,2.786,1.342,1280,16
2026-03-15T07:38:14.664000+00:00,11245,2.755,1.326,1280,16
2026-03-15T07:38:20.243000+00:00,11245,2.77,1.356,1280,16
2026-03-15T07:38:23.659000+00:00,11245,2.768,1.367,1280,16
2026-03-15T07:38:27.324000+00:00,11245,2.88,1.435,1280,16
2026-03-15T07:38:34.379000+00:00,11245,2.862,1.44,1280,16
2026-03-15T07:38:38.171000+00:00,11245,2.894,1.437,1280,16
2026-03-15T07:38:42.299000+00:00,11245,2.865,1.407,1280,16
2026-03-15T07:38:47.859000+00:00,11245,2.677,1.369,1280,16
2026-03-15T07:38:52.580000+00:00,11245,2.728,1.414,1280,16
2026-03-15T07:38:56.696000+00:00,11245,2.812,1.448,1280,16
2026-03-15T07:39:03.096000+00:00,11245,2.891,1.541,1280,16
2026-03-15T07:39:08.517000+00:00,11245,2.933,1.563,1280,16
2026-03-15T07:39:12.775000+00:00,11245,2.951,1.57,1280,16
2026-03-15T07:39:17.322000+00:00,11245,2.981,1.561,1280,16
2026-03-15T07:39:21.111000+00:00,11245,3.006,1.546,1280,16
2026-03-15T07:39:29.392000+00:00,11245,2.957,1.481,1280,16
2026-03-15T07:39:33.628000+00:00,11245,3.011,1.511,1280,16
2026-03-15T07:39:34.501000+00:00,11245,2.986,1.498,1280,16
2026-03-15T07:39:36.798000+00:00,11245,2.926,1.456,1280,16
2026-03-15T07:39:38.220000+00:00,11245,2.913,1.44,1280,16
2026-03-15T07:39:38.939000+00:00,11245,2.907,1.437,1280,16
2026-03-15T07:39:43.196000+00:00,11245,2.823,1.434,1280,16
2026-03-15T07:39:44.365000+00:00,11245,2.773,1.41,1280,16
2026-03-15T07:39:46.595000+00:00,11245,2.663,1.287,1280,16
2026-03-15T07:39:51.386000+00:00,11245,2.471,1.154,1280,16
2026-03-15T07:39:56.849000+00:00,11245,2.561,1.195,1280,16
2026-03-15T07:40:00.350000+00:00,11245,2.571,1.134,1280,16
2026-03-15T07:40:03.959000+00:00,11245,2.67,1.143,1280,16
2026-03-15T07:40:10.959000+00:00,11245,2.637,1.075,1280,16
2026-03-15T07:40:14.740000+00:00,11245,2.664,1.071,1280,16
2026-03-15T07:40:18.850000+00:00,11245,2.619,1.068,1280,16
2026-03-15T07:40:24.443000+00:00,11245,2.438,1.107,1280,16
2026-03-15T07:40:29.115000+00:00,11245,2.486,1.118,1280,16
2026-03-15T07:40:33.256000+00:00,11245,2.552,1.187,1280,16
2026-03-15T07:40:39.650000+00:00,11245,2.689,1.295,1280,16
2026-03-15T07:40:45.025000+00:00,11245,2.621,1.279,1280,16
2026-03-15T07:40:49.259000+00:00,11245,,1.256,1280,16
2026-03-15T07:40:53.844000+00:00,11245,2.658,1.234,1280,16
2026-03-15T07:40:57.644000+00:00,11245,2.672,1.205,1280,16
2026-03-15T07:41:05.982000+00:00,11245,2.689,1.204,1280,16
2026-03-15T07:41:10.250000+00:00,11245,2.754,1.186,1280,16
2026-03-15T07:41:11.143000+00:00,11245,2.701,1.144,1280,16
2026-03-15T07:41:13.461000+00:00,11245,2.671,1.166,1280,16
2026-03-15T07:41:14.895000+00:00,11245,2.677,1.171,1280,16
2026-03-15T07:41:15.635000+00:00,11245,2.683,1.17,1280,16
2026-03-15T07:41:20.008000+00:00,11245,2.694,1.158,1280,16
2026-03-15T07:41:21.224000+00:00,11245,2.686,1.147,1280,16
2026-03-15T07:41:23.493000+00:00,11245,2.628,1.078,1280,16
2026-03-15T07:41:28.310000+00:00,11245,2.513,1.073,1280,16
2026-03-15T07:41:33.825000+00:00,11245,2.559,1.082,1280,16
2026-03-15T07:41:37.260000+00:00,11245,2.563,1.078,1280,16
2026-03-15T07:41:40.864000+00:00,11245,2.601,1.057,1280,16
2026-03-15T07:41:47.860000+00:00,11245,2.585,1.052,1280,16
2026-03-15T07:41:51.643000+00:00,11245,2.622,1.038,1280,16
2026-03-15T07:41:55.716000+00:00,11245,2.574,1.032,1280,16
2026-03-15T07:42:01.355000+00:00,11245,2.547,1.028,1280,16
2026-03-15T07:42:05.988000+00:00,11245,2.567,1.016,1280,16
2026-03-15T07:42:10.112000+00:00,11245,2.619,1.028,1280,16
2026-03-15T07:42:16.518000+00:00,11245,2.709,1.124,1280,16
2026-03-15T07:42:21.846000+00:00,11245,2.739,1.079,1280,16
2026-03-15T07:42:26.096000+00:00,11245,2.776,1.077,1280,16
2026-03-15T07:42:30.629000+00:00,11245,2.785,1.044,1280,16
2026-03-15T07:42:34.393000+00:00,11245,2.764,0.991,1280,16
2026-03-15T07:42:42.737000+00:00,11245,2.773,0.943,1280,16
2026-03-15T07:42:46.924000+00:00,11245,2.815,0.957,1280,16
2026-03-15T07:42:47.815000+00:00,11245,2.791,0.942,1280,16
2026-03-15T07:42:50.128000+00:00,11245,2.738,0.847,1280,16
2026-03-15T07:42:51.565000+00:00,11245,2.724,0.822,1280,16
2026-03-15T07:42:52.299000+00:00,11245,2.714,0.807,1280,16
2026-03-15T07:42:56.559000+00:00,11245,2.579,0.684,1280,16
2026-03-15T07:42:57.679000+00:00,11245,2.531,0.642,1280,16
2026-03-15T07:42:59.896000+00:00,11245,2.399,0.555,1280,16
2026-03-15T07:43:04.876000+00:00,11245,2.433,0.696,1280,16
2026-03-15T07:43:10.394000+00:00,11245,2.493,0.726,1280,16
2026-03-15T07:43:13.879000+00:00,11245,2.551,0.723,1280,16
2026-03-15T07:43:17.566000+00:00,11245,2.643,0.711,1280,16
2026-03-15T07:43:24.566000+00:00,11245,2.656,0.677,1280,16
2026-03-15T07:43:28.316000+00:00,11245,2.701,0.696,1280,16
2026-03-15T07:43:32.425000+00:00,11245,2.607,0.686,1280,16
2026-03-15T07:43:38.066000+00:00,11245,2.616,0.734,1280,16
2026-03-15T07:43:42.769000+00:00,11245,2.649,0.744,1280,16
2026-03-15T07:43:46.832000+00:00,11245,2.654,0.748,1280,16
2026-03-15T07:43:53.285000+00:00,11245,2.751,0.898,1280,16
2026-03-15T07:43:58.691000+00:00,11245,2.83,0.904,1280,16
2026-03-15T07:44:02.894000+00:00,11245,2.843,0.87,1280,16
2026-03-15T07:44:07.297000+00:00,11245,2.72,0.703,1280,16
2026-03-15T07:44:10.964000+00:00,11245,2.562,0.504,1280,16
2026-03-15T07:44:19.386000+00:00,11245,2.661,0.52,1280,16
2026-03-15T07:44:23.662000+00:00,11245,2.755,0.554,1280,16
2026-03-15T07:44:24.611000+00:00,11245,2.745,0.577,1280,16
2026-03-15T07:44:26.951000+00:00,11245,2.729,0.584,1280,16
2026-03-15T07:44:28.395000+00:00,11245,2.731,0.581,1280,16
2026-03-15T07:44:29.139000+00:00,11245,2.721,0.571,1280,16
2026-03-15T07:44:33.272000+00:00,11245,2.54,0.529,1280,16
2026-03-15T07:44:34.420000+00:00,11245,2.472,0.514,1280,16
2026-03-15T07:44:36.717000+00:00,11245,2.439,0.44,1280,16
2026-03-15T07:44:41.634000+00:00,11245,2.506,0.489,1280,16
2026-03-15T07:44:47.268000+00:00,11245,2.679,0.603,1280,16
2026-03-15T07:44:50.737000+00:00,11245,2.756,0.593,1280,16
2026-03-15T07:44:54.400000+00:00,11245,2.833,0.562,1280,16
2026-03-15T07:45:01.526000+00:00,11245,2.918,0.643,1280,16
2026-03-15T07:45:05.269000+00:00,11245,2.95,0.646,1280,16
2026-03-15T07:45:09.359000+00:00,11245,2.894,0.639,1280,16
2026-03-15T07:45:15.013000+00:00,11245,2.906,0.73,1280,16
2026-03-15T07:45:19.701000+00:00,11245,2.962,0.736,1280,16
2026-03-15T07:45:23.804000+00:00,11245,3.043,0.724,1280,16
2026-03-15T07:45:30.185000+00:00,11245,3.14,0.818,1280,16
2026-03-15T07:45:35.661000+00:00,11245,3.175,0.849,1280,16
2026-03-15T07:45:39.889000+00:00,11245,3.188,0.842,1280,16
2026-03-15T07:45:44.276000+00:00,11245,3.078,0.656,1280,16
2026-03-15T07:45:47.836000+00:00,11245,2.845,0.331,1280,16
2026-03-15T07:45:56.525000+00:00,11245,3.247,3.247,1280,16
2026-03-15T07:46:00.900000+00:00,11245,3.434,3.434,1280,16
2026-03-15T07:46:01.853000+00:00,11245,3.435,3.435,1280,16
2026-03-15T07:46:04.165000+00:00,11245,3.449,3.449,1280,16
2026-03-15T07:46:05.603000+00:00,11245,3.469,3.469,1280,16
2026-03-15T07:46:06.384000+00:00,11245,3.485,3.485,1280,16
2026-03-15T07:46:10.821000+00:00,11245,3.579,3.579,1280,16
2026-03-15T07:46:12.071000+00:00,11245,3.6,3.6,1280,16
2026-03-15T07:46:14.384000+00:00,11245,3.598,0.046,1280,16
2026-03-15T07:46:19.196000+00:00,11245,3.612,3.612,1280,16
2026-03-15T07:46:24.837000+00:00,11245,3.809,3.809,1280,16
2026-03-15T07:46:28.306000+00:00,11245,3.868,3.868,1280,16
2026-03-15T07:46:32.056000+00:00,11245,4.027,4.027,1280,16
2026-03-15T07:46:39.150000+00:00,11245,4.172,4.172,1280,16
2026-03-15T07:46:42.962000+00:00,11245,4.23,4.23,1280,16
2026-03-15T07:46:47.118000+00:00,11245,4.144,4.144,1280,16
2026-03-15T07:46:52.681000+00:00,11245,4.12,4.12,1280,16
2026-03-15T07:46:57.337000+00:00,11245,4.139,4.139,1280,16
2026-03-15T07:47:01.509000+00:00,11245,4.261,4.261,1280,16
2026-03-15T07:47:07.806000+00:00,11245,4.273,4.273,1280,16
2026-03-15T07:47:13.234000+00:00,11245,4.326,4.326,1280,16
2026-03-15T07:47:17.459000+00:00,11245,4.354,4.354,1280,16
2026-03-15T07:47:22.062000+00:00,11245,4.436,4.436,1280,16
2026-03-15T07:47:25.977000+00:00,11245,4.554,4.554,1280,16
2026-03-15T07:47:34.408000+00:00,11245,4.652,4.652,1280,16
2026-03-15T07:47:38.640000+00:00,11245,4.726,4.726,1280,16
2026-03-15T07:47:39.577000+00:00,11245,4.7,4.7,1280,16
2026-03-15T07:47:41.874000+00:00,11245,4.648,4.648,1280,16
2026-03-15T07:47:43.312000+00:00,11245,4.644,4.644,1280,16
2026-03-15T07:47:44.093000+00:00,11245,4.652,4.652,1280,16
2026-03-15T07:47:48.452000+00:00,11245,4.722,4.722,1280,16
2026-03-15T07:47:49.702000+00:00,11245,4.744,4.744,1280,16
2026-03-15T07:47:51.937000+00:00,11245,4.724,4.724,1280,16
2026-03-15T07:47:56.780000+00:00,11245,4.682,4.682,1280,16
2026-03-15T07:48:02.312000+00:00,11245,4.705,4.705,1280,16
2026-03-15T07:48:05.750000+00:00,11245,4.723,4.723,1280,16
2026-03-15T07:48:09.481000+00:00,11245,4.857,4.857,1280,16
2026-03-15T07:48:16.500000+00:00,11245,4.821,4.821,1280,16
2026-03-15T07:48:20.238000+00:00,11245,4.842,4.842,1280,16
2026-03-15T07:48:24.344000+00:00,11245,4.857,4.857,1280,16
2026-03-15T07:48:29.870000+00:00,11245,4.72,4.72,1280,16
2026-03-15T07:48:34.526000+00:00,11245,4.751,4.751,1280,16
2026-03-15T07:48:38.646000+00:00,11245,4.813,4.813,1280,16
2026-03-15T07:48:44.974000+00:00,11245,4.802,4.802,1280,16
2026-03-15T07:48:50.401000+00:00,11245,4.884,4.884,1280,16
2026-03-15T07:48:54.619000+00:00,11245,4.912,4.912,1280,16
2026-03-15T07:48:59.198000+00:00,11245,4.952,4.952,1280,16
2026-03-15T07:49:03.057000+00:00,11245,5.024,5.024,1280,16
2026-03-15T07:49:11.916000+00:00,11245,5.561,0.306,1280,16
2026-03-15T07:49:16.135000+00:00,11245,5.607,0.276,1280,16
2026-03-15T07:49:17.119000+00:00,11245,5.647,0.328,1280,16
2026-03-15T07:49:19.479000+00:00,11245,5.649,0.372,1280,16
2026-03-15T07:49:20.932000+00:00,11245,5.646,0.314,1280,16
2026-03-15T07:49:21.635000+00:00,11245,5.638,0.248,1280,16
2026-03-15T07:49:25.797000+00:00,11245,5.482,5.482,1280,16
2026-03-15T07:49:27.003000+00:00,11245,5.442,5.442,1280,16
2026-03-15T07:49:29.250000+00:00,11245,5.415,5.415,1280,16
2026-03-15T07:49:34.105000+00:00,11245,5.426,5.426,1280,16
2026-03-15T07:49:39.838000+00:00,11245,5.704,5.704,1280,16
2026-03-15T07:49:43.299000+00:00,11245,5.724,5.724,1280,16
2026-03-15T07:49:47.029000+00:00,11245,5.824,5.824,1280,16
2026-03-15T07:49:54.165000+00:00,11245,6.01,6.01,1280,16
2026-03-15T07:49:57.911000+00:00,11245,6.021,6.021,1280,16
2026-03-15T07:50:02.044000+00:00,11245,6.079,6.079,1280,16
2026-03-15T07:50:07.861000+00:00,11245,6.112,0.052,1280,16
2026-03-15T07:50:12.705000+00:00,11245,6.382,6.382,1280,16
2026-03-15T07:50:17.158000+00:00,11245,6.649,6.649,1280,16
2026-03-15T07:50:23.580000+00:00,11245,6.908,6.908,1280,16
2026-03-15T07:50:28.921000+00:00,11245,6.786,6.786,1280,16
2026-03-15T07:50:33.156000+00:00,11245,6.793,6.793,1280,16
2026-03-15T07:50:37.749000+00:00,11245,6.792,6.792,1280,16
2026-03-15T07:50:41.484000+00:00,11245,6.87,6.87,1280,16
2026-03-15T07:50:49.828000+00:00,11245,6.88,6.88,1280,16
2026-03-15T07:50:54.109000+00:00,11245,6.978,6.978,1280,16
2026-03-15T07:50:55.062000+00:00,11245,6.969,6.969,1280,16
2026-03-15T07:50:57.328000+00:00,11245,6.918,6.918,1280,16
2026-03-15T07:50:58.749000+00:00,11245,6.915,6.915,1280,16
2026-03-15T07:50:59.531000+00:00,11245,6.92,6.92,1280,16
2026-03-15T07:51:03.843000+00:00,11245,6.963,6.963,1280,16
2026-03-15T07:51:05.078000+00:00,11245,6.978,6.978,1280,16
2026-03-15T07:51:07.312000+00:00,11245,6.899,6.899,1280,16
2026-03-15T07:51:12.198000+00:00,11245,6.814,6.814,1280,16
2026-03-15T07:51:17.656000+00:00,11245,6.895,6.895,1280,16
2026-03-15T07:51:21.111000+00:00,11245,6.922,6.922,1280,16
2026-03-15T07:51:24.851000+00:00,11245,7.06,7.06,1280,16
2026-03-15T07:51:31.906000+00:00,11245,7.093,7.093,1280,16
2026-03-15T07:51:35.639000+00:00,11245,7.136,7.136,1280,16
2026-03-15T07:51:39.744000+00:00,11245,7.1,7.1,1280,16
2026-03-15T07:51:45.261000+00:00,11245,6.969,6.969,1280,16
2026-03-15T07:51:49.925000+00:00,11245,7.015,7.015,1280,16
2026-03-15T07:51:54.050000+00:00,11245,7.094,7.094,1280,16
2026-03-15T07:52:00.453000+00:00,11245,7.138,7.138,1280,16
2026-03-15T07:52:05.864000+00:00,11245,7.153,7.153,1280,16
2026-03-15T07:52:10.050000+00:00,11245,7.177,7.177,1280,16
2026-03-15T07:52:14.652000+00:00,11245,7.224,7.224,1280,16
2026-03-15T07:52:18.511000+00:00,11245,7.3,7.3,1280,16
2026-03-15T07:52:27.051000+00:00,11245,7.49,7.49,1280,16
2026-03-15T07:52:31.236000+00:00,11245,7.521,7.521,1280,16
2026-03-15T07:52:32.189000+00:00,11245,7.505,7.505,1280,16
2026-03-15T07:52:34.435000+00:00,11245,7.424,7.424,1280,16
2026-03-15T07:52:35.844000+00:00,11245,7.412,7.412,1280,16
2026-03-15T07:52:36.580000+00:00,11245,7.407,7.407,1280,16
2026-03-15T07:52:40.838000+00:00,11245,7.347,7.347,1280,16
2026-03-15T07:52:42.003000+00:00,11245,7.335,7.335,1280,16
2026-03-15T07:52:44.285000+00:00,11245,7.265,7.265,1280,16
2026-03-15T07:52:49.123000+00:00,11245,7.133,7.133,1280,16
2026-03-15T07:52:54.590000+00:00,11245,7.187,7.187,1280,16
2026-03-15T07:52:58.007000+00:00,11245,7.168,7.168,1280,16
2026-03-15T07:53:01.718000+00:00,11245,7.322,7.322,1280,16
2026-03-15T07:53:08.747000+00:00,11245,7.324,7.324,1280,16
2026-03-15T07:53:12.512000+00:00,11245,7.374,7.374,1280,16
2026-03-15T07:53:16.559000+00:00,11245,7.376,7.376,1280,16
2026-03-15T07:53:22.090000+00:00,11245,7.229,7.229,1280,16
2026-03-15T07:53:26.747000+00:00,11245,7.25,7.25,1280,16
2026-03-15T07:53:30.861000+00:00,11245,7.321,7.321,1280,16
2026-03-15T07:53:37.183000+00:00,11245,7.352,7.352,1280,16
2026-03-15T07:53:46.739000+00:00,11245,7.351,7.351,1280,16
2026-03-15T07:53:51.368000+00:00,11245,7.438,7.438,1280,16
2026-03-15T07:53:55.264000+00:00,11245,7.585,7.585,1280,16
2026-03-15T07:54:04.026000+00:00,11245,8.078,0.336,1280,16
2026-03-15T07:54:08.260000+00:00,11245,8.137,0.412,1280,16
2026-03-15T07:54:09.229000+00:00,11245,,0.484,1280,16
2026-03-15T07:54:11.526000+00:00,11245,8.135,0.545,1280,16
2026-03-15T07:54:12.949000+00:00,11245,8.138,0.544,1280,16
2026-03-15T07:54:13.713000+00:00,11245,8.133,0.535,1280,16
2026-03-15T07:54:17.916000+00:00,11245,8.051,0.425,1280,16
2026-03-15T07:54:19.135000+00:00,11245,8.017,0.388,1280,16
2026-03-15T07:54:21.338000+00:00,11245,7.98,0.385,1280,16
2026-03-15T07:54:26.111000+00:00,11245,7.901,0.324,1280,16
2026-03-15T07:54:31.892000+00:00,11245,8.277,0.457,1280,16
2026-03-15T07:54:35.345000+00:00,11245,8.352,0.513,1280,16
2026-03-15T07:54:39.001000+00:00,11245,8.438,0.562,1280,16
2026-03-15T07:54:46.126000+00:00,11245,8.56,0.593,1280,16
2026-03-15T07:54:49.876000+00:00,11245,8.593,0.605,1280,16
2026-03-15T07:54:53.954000+00:00,11245,8.543,0.585,1280,16
2026-03-15T07:54:59.602000+00:00,11245,8.553,0.676,1280,16
2026-03-15T07:55:04.352000+00:00,11245,8.671,0.762,1280,16
2026-03-15T07:55:08.447000+00:00,11245,8.744,0.812,1280,16
2026-03-15T07:55:14.899000+00:00,11245,8.909,0.932,1280,16
2026-03-15T07:55:20.211000+00:00,11245,8.875,0.936,1280,16
2026-03-15T07:55:24.430000+00:00,11245,8.872,0.934,1280,16
2026-03-15T07:55:28.833000+00:00,11245,8.763,0.823,1280,16
2026-03-15T07:55:32.474000+00:00,11245,8.684,0.71,1280,16
2026-03-15T07:55:40.849000+00:00,11245,8.74,0.739,1280,16
2026-03-15T07:55:45.115000+00:00,11245,8.832,0.844,1280,16
2026-03-15T07:55:46.068000+00:00,11245,8.805,0.84,1280,16
2026-03-15T07:55:48.318000+00:00,11245,8.772,0.88,1280,16
2026-03-15T07:55:49.768000+00:00,11245,8.767,0.892,1280,16
2026-03-15T07:55:50.486000+00:00,11245,8.764,0.894,1280,16
2026-03-15T07:55:54.729000+00:00,11245,8.691,0.833,1280,16
2026-03-15T07:55:55.918000+00:00,11245,8.659,0.802,1280,16
2026-03-15T07:55:58.100000+00:00,11245,8.575,0.706,1280,16
2026-03-15T07:56:02.773000+00:00,11245,8.399,0.518,1280,16
2026-03-15T07:56:08.414000+00:00,11245,8.627,0.65,1280,16
2026-03-15T07:56:11.884000+00:00,11245,8.681,0.696,1280,16
2026-03-15T07:56:15.514000+00:00,11245,8.749,0.735,1280,16
2026-03-15T07:56:22.615000+00:00,11245,8.803,0.777,1280,16
2026-03-15T07:56:26.381000+00:00,11245,8.828,0.784,1280,16
2026-03-15T07:56:30.365000+00:00,11245,8.809,0.761,1280,16
2026-03-15T07:56:35.896000+00:00,11245,8.821,0.708,1280,16
2026-03-15T07:56:40.646000+00:00,11245,8.892,0.79,1280,16
2026-03-15T07:56:44.711000+00:00,11245,8.905,0.787,1280,16
2026-03-15T07:56:51.102000+00:00,11245,8.952,0.897,1280,16
2026-03-15T07:56:56.415000+00:00,11245,8.933,0.933,1280,16
2026-03-15T07:57:00.613000+00:00,11245,8.951,0.915,1280,16
2026-03-15T07:57:05.039000+00:00,11245,8.84,0.793,1280,16
2026-03-15T07:57:08.678000+00:00,11245,8.706,0.693,1280,16
2026-03-15T07:57:17.257000+00:00,11245,8.992,0.899,1280,16
2026-03-15T07:57:21.460000+00:00,11245,9.047,0.951,1280,16
2026-03-15T07:57:22.413000+00:00,11245,9.012,0.959,1280,16
2026-03-15T07:57:24.647000+00:00,11245,8.99,1.004,1280,16
2026-03-15T07:57:26.101000+00:00,11245,9.026,1.054,1280,16
2026-03-15T07:57:26.928000+00:00,11245,9.065,1.096,1280,16
2026-03-15T07:57:31.439000+00:00,11245,9.265,1.295,1280,16
2026-03-15T07:57:32.681000+00:00,11245,9.293,1.323,1280,16
2026-03-15T07:57:34.884000+00:00,11245,9.238,1.307,1280,16
2026-03-15T07:57:39.761000+00:00,11245,9.233,1.203,1280,16
2026-03-15T07:57:45.231000+00:00,11245,9.452,1.35,1280,16
2026-03-15T07:57:48.766000+00:00,11245,9.495,1.384,1280,16
2026-03-15T07:57:52.387000+00:00,11245,9.571,1.441,1280,16
2026-03-15T07:57:59.445000+00:00,11245,9.613,1.496,1280,16
2026-03-15T07:58:03.180000+00:00,11245,9.667,1.512,1280,16
2026-03-15T07:58:07.236000+00:00,11245,9.701,1.53,1280,16
2026-03-15T07:58:12.779000+00:00,11245,9.623,1.463,1280,16
2026-03-15T07:58:17.511000+00:00,11245,9.709,1.554,1280,16
2026-03-15T07:58:21.571000+00:00,11245,9.771,1.591,1280,16
2026-03-15T07:58:27.926000+00:00,11245,9.898,1.704,1280,16
2026-03-15T07:58:33.300000+00:00,11245,9.827,1.623,1280,16
2026-03-15T07:58:37.522000+00:00,11245,9.85,1.635,1280,16
2026-03-15T07:58:41.924000+00:00,11245,9.737,1.528,1280,16
2026-03-15T07:58:45.533000+00:00,11245,9.63,1.463,1280,16
2026-03-15T07:58:53.960000+00:00,11245,9.752,1.53,1280,16
2026-03-15T07:58:58.181000+00:00,11245,9.826,1.637,1280,16
2026-03-15T07:58:59.093000+00:00,11245,9.787,1.653,1280,16
2026-03-15T07:59:01.381000+00:00,11245,9.728,1.724,1280,16
2026-03-15T07:59:02.787000+00:00,11245,9.719,1.743,1280,16
2026-03-15T07:59:03.527000+00:00,11245,9.706,,1280,16
2026-03-15T07:59:07.701000+00:00,11245,9.519,1.618,1280,16
2026-03-15T07:59:08.861000+00:00,11245,9.465,1.575,1280,16
2026-03-15T07:59:10.969000+00:00,11245,9.333,1.473,1280,16
2026-03-15T07:59:15.763000+00:00,11245,9.234,1.315,1280,16
2026-03-15T07:59:21.421000+00:00,11245,9.354,1.562,1280,16
2026-03-15T07:59:24.874000+00:00,11245,9.372,1.571,1280,16
2026-03-15T07:59:28.593000+00:00,11245,9.473,1.649,1280,16
2026-03-15T07:59:35.640000+00:00,11245,9.502,1.679,1280,16
2026-03-15T07:59:39.374000+00:00,11245,9.538,1.69,1280,16
2026-03-15T07:59:43.421000+00:00,11245,9.542,1.698,1280,16
2026-03-15T07:59:48.953000+00:00,11245,9.456,1.636,1280,16
2026-03-15T07:59:53.671000+00:00,11245,9.467,1.643,1280,16
2026-03-15T07:59:57.781000+00:00,11245,9.536,1.696,1280,16
2026-03-15T08:00:04.037000+00:00,11245,9.517,1.668,1280,16
2026-03-15T08:00:09.465000+00:00,11245,9.498,1.731,1280,16
2026-03-15T08:00:13.681000+00:00,11245,9.521,1.754,1280,16
2026-03-15T08:00:18.262000+00:00,11245,9.57,1.817,1280,16
2026-03-15T08:00:22.061000+00:00,11245,9.628,1.917,1280,16
2026-03-15T08:00:30.425000+00:00,11245,9.746,1.971,1280,16
2026-03-15T08:00:34.698000+00:00,11245,9.85,2.1,1280,16
2026-03-15T08:00:35.638000+00:00,11245,9.831,2.112,1280,16
2026-03-15T08:00:37.914000+00:00,11245,9.809,2.165,1280,16
2026-03-15T08:00:39.337000+00:00,11245,9.812,2.18,1280,16
2026-03-15T08:00:40.087000+00:00,11245,9.813,2.186,1280,16
2026-03-15T08:00:44.361000+00:00,11245,9.77,2.153,1280,16
2026-03-15T08:00:45.613000+00:00,11245,9.757,2.141,1280,16
2026-03-15T08:00:47.783000+00:00,11245,9.773,2.126,1280,16
2026-03-15T08:00:52.599000+00:00,11245,9.633,2.057,1280,16
2026-03-15T08:00:58.136000+00:00,11245,9.805,2.196,1280,16
2026-03-15T08:01:01.671000+00:00,11245,9.883,2.224,1280,16
2026-03-15T08:01:05.360000+00:00,11245,10.002,2.339,1280,16
2026-03-15T08:01:12.381000+00:00,11245,10.016,2.361,1280,16
2026-03-15T08:01:16.084000+00:00,11245,10.039,2.368,1280,16
2026-03-15T08:01:20.162000+00:00,11245,10.044,2.363,1280,16
2026-03-15T08:01:25.682000+00:00,11245,9.926,2.311,1280,16
2026-03-15T08:01:30.355000+00:00,11245,9.991,2.402,1280,16
2026-03-15T08:01:34.449000+00:00,11245,10.083,2.469,1280,16
2026-03-15T08:01:40.792000+00:00,11245,10.111,2.493,1280,16
2026-03-15T08:01:46.167000+00:00,11245,10.188,2.54,1280,16
2026-03-15T08:01:50.414000+00:00,11245,10.238,2.561,1280,16
2026-03-15T08:01:54.987000+00:00,11245,10.303,2.627,1280,16
2026-03-15T08:01:58.842000+00:00,11245,10.407,2.752,1280,16
2026-03-15T08:02:07.259000+00:00,11245,10.564,2.868,1280,16
2026-03-15T08:02:11.478000+00:00,11245,10.631,2.968,1280,16
2026-03-15T08:02:12.368000+00:00,11245,10.597,2.99,1280,16
2026-03-15T08:02:14.618000+00:00,11245,10.525,3.04,1280,16
2026-03-15T08:02:16.056000+00:00,11245,10.522,3.058,1280,16
2026-03-15T08:02:16.791000+00:00,11245,10.521,3.063,1280,16
2026-03-15T08:02:21.081000+00:00,11245,10.479,3.04,1280,16
2026-03-15T08:02:22.300000+00:00,11245,10.473,3.038,1280,16
2026-03-15T08:02:24.503000+00:00,11245,10.417,2.999,1280,16
2026-03-15T08:02:29.280000+00:00,11245,10.24,2.868,1280,16
2026-03-15T08:02:34.853000+00:00,11245,10.365,2.963,1280,16
2026-03-15T08:02:38.282000+00:00,11245,10.429,3.018,1280,16
2026-03-15T08:02:41.908000+00:00,11245,10.492,3.087,1280,16
2026-03-15T08:02:48.955000+00:00,11245,10.467,3.05,1280,16
2026-03-15T08:02:52.690000+00:00,11245,10.494,3.062,1280,16
2026-03-15T08:02:56.752000+00:00,11245,10.53,3.093,1280,16
2026-03-15T08:03:02.330000+00:00,11245,10.534,2.981,1280,16
2026-03-15T08:03:07.018000+00:00,11245,10.621,3.028,1280,16
2026-03-15T08:03:11.143000+00:00,11245,10.702,3.093,1280,16
2026-03-15T08:03:17.528000+00:00,11245,10.805,3.195,1280,16
2026-03-15T08:03:22.884000+00:00,11245,10.785,3.18,1280,16
2026-03-15T08:03:27.134000+00:00,11245,10.822,3.211,1280,16
2026-03-15T08:03:31.698000+00:00,11245,10.89,3.279,1280,16
2026-03-15T08:03:35.586000+00:00,11245,10.975,3.374,1280,16
2026-03-15T08:03:44.804000+00:00,11245,12.023,0.184,1280,16
2026-03-15T08:03:49.661000+00:00,11245,12.669,0.212,1280,16
2026-03-15T08:03:50.714000+00:00,11245,12.788,0.239,1280,16
2026-03-15T08:03:53.128000+00:00,11245,12.967,0.313,1280,16
2026-03-15T08:03:54.565000+00:00,11245,12.999,0.315,1280,16
2026-03-15T08:03:55.331000+00:00,11245,12.995,0.307,1280,16
2026-03-15T08:03:59.412000+00:00,11245,12.763,0.17,1280,16
2026-03-15T08:04:00.581000+00:00,11245,12.683,0.115,1280,16
2026-03-15T08:04:02.774000+00:00,11245,12.652,0.04,1280,16
2026-03-15T08:04:07.997000+00:00,11245,13.02,0.275,1280,16
2026-03-15T08:04:13.612000+00:00,11245,13.215,0.505,1280,16
2026-03-15T08:04:17.096000+00:00,11245,13.22,0.45,1280,16
2026-03-15T08:04:20.830000+00:00,11245,13.363,0.431,1280,16
2026-03-15T08:04:28.033000+00:00,11245,13.608,0.583,1280,16
2026-03-15T08:04:31.799000+00:00,11245,13.654,0.575,1280,16
2026-03-15T08:04:35.846000+00:00,11245,13.672,0.557,1280,16
2026-03-15T08:04:41.471000+00:00,11245,13.762,0.679,1280,16
2026-03-15T08:04:46.159000+00:00,11245,13.79,0.669,1280,16
2026-03-15T08:04:50.252000+00:00,11245,13.884,0.706,1280,16
2026-03-15T08:04:56.614000+00:00,11245,13.903,0.889,1280,16
2026-03-15T08:05:02.029000+00:00,11245,13.931,0.876,1280,16
2026-03-15T08:05:06.228000+00:00,11245,13.949,0.844,1280,16
2026-03-15T08:05:10.603000+00:00,11245,13.807,0.627,1280,16
2026-03-15T08:05:14.146000+00:00,11245,13.617,0.302,1280,16
2026-03-15T08:05:22.850000+00:00,11245,14.057,0.493,1280,16
2026-03-15T08:05:27.085000+00:00,11245,14.117,0.491,1280,16
2026-03-15T08:05:28.038000+00:00,11245,14.141,0.482,1280,16
2026-03-15T08:05:30.303000+00:00,11245,14.132,0.466,1280,16
2026-03-15T08:05:31.756000+00:00,11245,14.18,0.504,1280,16
2026-03-15T08:05:32.562000+00:00,11245,14.228,0.553,1280,16
2026-03-15T08:05:37.142000+00:00,11245,14.481,0.915,1280,16
2026-03-15T08:05:38.361000+00:00,11245,14.516,0.972,1280,16
2026-03-15T08:05:40.653000+00:00,11245,14.574,0.884,1280,16
2026-03-15T08:05:45.433000+00:00,11245,14.366,0.792,1280,16
2026-03-15T08:05:51.062000+00:00,11245,14.574,0.994,1280,16
2026-03-15T08:05:54.527000+00:00,11245,14.604,0.992,1280,16
2026-03-15T08:05:58.116000+00:00,11245,14.631,0.895,1280,16
2026-03-15T08:06:05.209000+00:00,11245,14.719,0.924,1280,16
2026-03-15T08:06:08.940000+00:00,11245,14.744,0.912,1280,16
2026-03-15T08:06:13.014000+00:00,11245,14.739,0.873,1280,16
2026-03-15T08:06:18.580000+00:00,11245,14.759,0.914,1280,16
2026-03-15T08:06:23.272000+00:00,11245,14.859,0.95,1280,16
2026-03-15T08:06:27.314000+00:00,11245,14.906,0.963,1280,16
2026-03-15T08:06:33.697000+00:00,11245,15.021,1.18,1280,16
2026-03-15T08:06:38.993000+00:00,11245,14.96,1.097,1280,16
2026-03-15T08:06:43.197000+00:00,11245,14.981,1.093,1280,16
2026-03-15T08:06:47.603000+00:00,11245,14.868,0.877,1280,16
2026-03-15T08:06:51.259000+00:00,11245,14.798,0.63,1280,16
2026-03-15T08:06:59.743000+00:00,11245,14.795,0.71,1280,16
2026-03-15T08:07:03.994000+00:00,11245,14.901,0.714,1280,16
2026-03-15T08:07:04.915000+00:00,11245,14.904,0.709,1280,16
2026-03-15T08:07:07.228000+00:00,11245,14.856,0.704,1280,16
2026-03-15T08:07:08.603000+00:00,11245,14.848,0.692,1280,16
2026-03-15T08:07:09.322000+00:00,11245,14.836,0.671,1280,16
2026-03-15T08:07:13.462000+00:00,11245,14.665,0.56,1280,16
2026-03-15T08:07:14.618000+00:00,11245,14.609,0.53,1280,16
2026-03-15T08:07:16.837000+00:00,11245,14.638,0.438,1280,16
2026-03-15T08:07:21.698000+00:00,11245,14.653,0.419,1280,16
2026-03-15T08:07:27.361000+00:00,11245,14.942,0.562,1280,16
2026-03-15T08:07:30.965000+00:00,11245,15.015,0.585,1280,16
2026-03-15T08:07:34.462000+00:00,11245,15.068,0.509,1280,16
2026-03-15T08:07:41.669000+00:00,11245,15.271,0.666,1280,16
2026-03-15T08:07:45.356000+00:00,11245,15.288,0.625,1280,16
2026-03-15T08:07:49.387000+00:00,11245,15.267,0.575,1280,16
2026-03-15T08:07:55.059000+00:00,11245,15.414,0.714,1280,16
2026-03-15T08:07:59.753000+00:00,11245,15.528,0.783,1280,16
2026-03-15T08:08:03.852000+00:00,11245,15.603,0.833,1280,16
2026-03-15T08:08:10.263000+00:00,11245,15.812,0.986,1280,16
2026-03-15T08:08:15.638000+00:00,11245,15.819,0.884,1280,16
2026-03-15T08:08:19.826000+00:00,11245,15.824,0.849,1280,16
2026-03-15T08:08:24.263000+00:00,11245,15.747,0.674,1280,16
2026-03-15T08:08:27.935000+00:00,11245,15.74,0.474,1280,16
2026-03-15T08:08:36.503000+00:00,11245,15.996,0.585,1280,16
2026-03-15T08:08:40.737000+00:00,11245,16.092,0.6,1280,16
2026-03-15T08:08:41.663000+00:00,11245,16.081,0.58,1280,16
2026-03-15T08:08:43.931000+00:00,11245,16.076,0.568,1280,16
2026-03-15T08:08:45.315000+00:00,11245,,0.56,1280,16
2026-03-15T08:08:46.107000+00:00,11245,16.069,0.554,1280,16
2026-03-15T08:08:50.272000+00:00,11245,15.985,0.519,1280,16
2026-03-15T08:08:51.462000+00:00,11245,15.957,0.495,1280,16
2026-03-15T08:08:53.703000+00:00,11245,16.042,0.353,1280,16
2026-03-15T08:08:58.638000+00:00,11245,16.136,0.414,1280,16
2026-03-15T08:09:04.263000+00:00,11245,16.331,0.58,1280,16
2026-03-15T08:09:07.738000+00:00,11245,16.361,0.544,1280,16
2026-03-15T08:09:11.286000+00:00,11245,16.339,0.389,1280,16
2026-03-15T08:09:18.516000+00:00,11245,16.542,0.556,1280,16
2026-03-15T08:09:22.181000+00:00,11245,16.532,0.546,1280,16
2026-03-15T08:09:26.227000+00:00,11245,16.498,0.496,1280,16
2026-03-15T08:09:31.863000+00:00,11245,16.679,0.607,1280,16
2026-03-15T08:09:36.563000+00:00,11245,16.774,0.65,1280,16
2026-03-15T08:09:40.565000+00:00,11245,16.767,0.565,1280,16
2026-03-15T08:09:47.015000+00:00,11245,16.939,0.68,1280,16
2026-03-15T08:09:52.305000+00:00,11245,16.896,0.604,1280,16
2026-03-15T08:09:56.498000+00:00,11245,16.894,0.582,1280,16
2026-03-15T08:10:00.854000+00:00,11245,16.812,0.411,1280,16
2026-03-15T08:10:04.484000+00:00,11245,16.733,0.153,1280,16
2026-03-15T08:10:13.203000+00:00,11245,17.176,10.177,1280,16
2026-03-15T08:10:17.682000+00:00,11245,17.544,10.568,1280,16
2026-03-15T08:10:18.682000+00:00,11245,17.58,10.634,1280,16
2026-03-15T08:10:20.912000+00:00,11245,17.552,10.678,1280,16
2026-03-15T08:10:22.301000+00:00,11245,17.558,10.694,1280,16
2026-03-15T08:10:23.127000+00:00,11245,17.568,10.707,1280,16
2026-03-15T08:10:27.481000+00:00,11245,17.672,10.776,1280,16
2026-03-15T08:10:28.682000+00:00,11245,17.713,10.797,1280,16
2026-03-15T08:10:31.007000+00:00,11245,17.851,10.904,1280,16
2026-03-15T08:10:36.082000+00:00,11245,18.129,0.217,1280,16
2026-03-15T08:10:41.691000+00:00,11245,18.238,0.205,1280,16
2026-03-15T08:10:45.216000+00:00,11245,18.258,0.112,1280,16
2026-03-15T08:10:48.805000+00:00,11245,18.268,0.088,1280,16
2026-03-15T08:10:56.159000+00:00,11245,18.577,0.153,1280,16
2026-03-15T08:10:59.782000+00:00,11245,18.559,0.123,1280,16
2026-03-15T08:11:03.988000+00:00,11245,18.71,0.252,1280,16
2026-03-15T08:11:09.686000+00:00,11245,18.836,0.327,1280,16
2026-03-15T08:11:14.527000+00:00,11245,19.004,0.46,1280,16
2026-03-15T08:11:18.727000+00:00,11245,19.167,0.489,1280,16
2026-03-15T08:11:25.236000+00:00,11245,19.262,0.642,1280,16
2026-03-15T08:11:30.646000+00:00,11245,19.132,0.677,1280,16
2026-03-15T08:11:34.884000+00:00,11245,19.145,0.67,1280,16
2026-03-15T08:11:39.446000+00:00,11245,19.323,0.765,1280,16
2026-03-15T08:11:43.290000+00:00,11245,19.601,0.789,1280,16
2026-03-15T08:11:51.755000+00:00,11245,19.751,0.824,1280,16
2026-03-15T08:11:55.958000+00:00,11245,19.793,0.783,1280,16
2026-03-15T08:11:56.885000+00:00,11245,19.761,0.762,1280,16
2026-03-15T08:11:59.182000+00:00,11245,19.703,0.781,1280,16
2026-03-15T08:12:00.648000+00:00,11245,19.685,0.774,1280,16
2026-03-15T08:12:01.342000+00:00,11245,19.674,0.759,1280,16
2026-03-15T08:12:05.472000+00:00,11245,19.534,0.564,1280,16
2026-03-15T08:12:06.679000+00:00,11245,19.487,0.497,1280,16
2026-03-15T08:12:08.889000+00:00,11245,19.575,0.424,1280,16
2026-03-15T08:12:13.718000+00:00,11245,19.568,0.379,1280,16
2026-03-15T08:12:19.352000+00:00,11245,19.748,0.549,1280,16
2026-03-15T08:12:22.862000+00:00,11245,19.794,0.572,1280,16
2026-03-15T08:12:26.664000+00:00,11245,19.893,0.578,1280,16
2026-03-15T08:12:33.683000+00:00,11245,20.088,0.753,1280,16
2026-03-15T08:12:37.408000+00:00,11245,20.137,0.755,1280,16
2026-03-15T08:12:41.411000+00:00,11245,20.125,0.7,1280,16
2026-03-15T08:12:47.015000+00:00,11245,20.24,0.824,1280,16
2026-03-15T08:12:51.715000+00:00,11245,20.296,0.876,1280,16
2026-03-15T08:12:55.750000+00:00,11245,20.311,0.89,1280,16
2026-03-15T08:13:02.127000+00:00,11245,20.398,1.069,1280,16
2026-03-15T08:13:07.607000+00:00,11245,20.503,1.126,1280,16
2026-03-15T08:13:11.841000+00:00,11245,20.536,1.114,1280,16
2026-03-15T08:13:16.298000+00:00,11245,20.627,1.008,1280,16
2026-03-15T08:13:20.045000+00:00,11245,20.781,0.901,1280,16
2026-03-15T08:13:28.583000+00:00,11245,21.123,1.081,1280,16
2026-03-15T08:13:32.828000+00:00,11245,21.211,1.114,1280,16
2026-03-15T08:13:33.727000+00:00,11245,21.192,1.11,1280,16
2026-03-15T08:13:36.063000+00:00,11245,21.166,1.126,1280,16
2026-03-15T08:13:37.432000+00:00,11245,21.169,1.125,1280,16
2026-03-15T08:13:38.199000+00:00,11245,21.171,1.128,1280,16
2026-03-15T08:13:42.474000+00:00,11245,21.197,1.221,1280,16
2026-03-15T08:13:43.691000+00:00,11245,21.21,1.241,1280,16
2026-03-15T08:13:45.927000+00:00,11245,21.257,1.245,1280,16
2026-03-15T08:13:50.737000+00:00,11245,21.226,1.266,1280,16
2026-03-15T08:13:56.270000+00:00,11245,21.375,1.389,1280,16
2026-03-15T08:13:59.791000+00:00,11245,21.421,1.404,1280,16
2026-03-15T08:14:03.357000+00:00,11245,21.451,1.319,1280,16
2026-03-15T08:14:10.467000+00:00,11245,21.56,1.449,1280,16
2026-03-15T08:14:14.182000+00:00,11245,21.613,1.478,1280,16
2026-03-15T08:14:18.233000+00:00,11245,21.645,1.473,1280,16
2026-03-15T08:14:23.820000+00:00,11245,21.659,1.565,1280,16
2026-03-15T08:14:28.465000+00:00,11245,21.664,1.566,1280,16
2026-03-15T08:14:32.530000+00:00,11245,21.696,1.587,1280,16
2026-03-15T08:14:38.862000+00:00,11245,21.708,1.724,1280,16
2026-03-15T08:14:44.441000+00:00,11245,21.869,1.645,1280,16
2026-03-15T08:14:48.635000+00:00,11245,21.884,1.599,1280,16
2026-03-15T08:14:53.213000+00:00,11245,21.951,1.557,1280,16
2026-03-15T08:14:57.054000+00:00,11245,22.114,1.497,1280,16
2026-03-15T08:15:05.453000+00:00,11245,22.16,1.537,1280,16
2026-03-15T08:15:09.654000+00:00,11245,22.212,1.482,1280,16
2026-03-15T08:15:10.577000+00:00,11245,22.173,1.474,1280,16
2026-03-15T08:15:12.830000+00:00,11245,22.063,1.437,1280,16
2026-03-15T08:15:14.192000+00:00,11245,22.043,1.42,1280,16
2026-03-15T08:15:14.960000+00:00,11245,22.036,1.407,1280,16
2026-03-15T08:15:19.128000+00:00,11245,21.934,1.239,1280,16
2026-03-15T08:15:20.266000+00:00,11245,21.911,1.183,1280,16
2026-03-15T08:15:22.428000+00:00,11245,21.849,1.075,1280,16
2026-03-15T08:15:27.128000+00:00,11245,21.765,0.957,1280,16
2026-03-15T08:15:32.799000+00:00,11245,21.919,1.205,1280,16
2026-03-15T08:15:36.288000+00:00,11245,21.961,1.209,1280,16
2026-03-15T08:15:39.928000+00:00,11245,22.065,1.261,1280,16
2026-03-15T08:15:47.076000+00:00,11245,22.132,1.383,1280,16
2026-03-15T08:15:50.717000+00:00,11245,22.147,1.364,1280,16
2026-03-15T08:15:54.741000+00:00,11245,22.15,1.314,1280,16
2026-03-15T08:16:00.294000+00:00,11245,22.105,1.354,1280,16
2026-03-15T08:16:05.033000+00:00,11245,22.139,1.383,1280,16
2026-03-15T08:16:09.119000+00:00,11245,22.168,1.428,1280,16
2026-03-15T08:16:15.548000+00:00,11245,22.238,1.647,1280,16
2026-03-15T08:16:20.885000+00:00,11245,22.146,1.63,1280,16
2026-03-15T08:16:25.083000+00:00,11245,22.175,1.624,1280,16
2026-03-15T08:16:29.662000+00:00,11245,22.329,1.63,1280,16
2026-03-15T08:16:33.547000+00:00,11245,22.607,1.615,1280,16
2026-03-15T08:16:41.952000+00:00,11245,22.711,1.715,1280,16
2026-03-15T08:16:46.169000+00:00,11245,22.795,1.765,1280,16
2026-03-15T08:16:47.128000+00:00,11245,22.744,1.76,1280,16
2026-03-15T08:16:49.382000+00:00,11245,22.675,1.771,1280,16
2026-03-15T08:16:50.828000+00:00,11245,22.677,1.772,1280,16
2026-03-15T08:16:51.563000+00:00,11245,22.684,1.773,1280,16
2026-03-15T08:16:55.847000+00:00,11245,22.723,1.851,1280,16
2026-03-15T08:16:57.049000+00:00,11245,22.73,1.872,1280,16
2026-03-15T08:16:59.188000+00:00,11245,22.594,1.837,1280,16
2026-03-15T08:17:03.898000+00:00,11245,22.513,1.723,1280,16
2026-03-15T08:17:09.538000+00:00,11245,22.711,1.916,1280,16
2026-03-15T08:17:13.081000+00:00,11245,22.815,1.965,1280,16
2026-03-15T08:17:16.748000+00:00,11245,22.969,2.025,1280,16
2026-03-15T08:17:23.813000+00:00,11245,23.1,2.094,1280,16
2026-03-15T08:17:27.517000+00:00,11245,23.14,2.08,1280,16
2026-03-15T08:17:31.575000+00:00,11245,23.159,2.062,1280,16
2026-03-15T08:17:37.106000+00:00,11245,23.23,2.102,1280,16
2026-03-15T08:17:41.809000+00:00,11245,23.302,2.138,1280,16
2026-03-15T08:17:45.864000+00:00,11245,23.371,,1280,16
2026-03-15T08:17:52.216000+00:00,11245,23.519,2.247,1280,16
2026-03-15T08:17:57.663000+00:00,11245,23.59,2.266,1280,16
2026-03-15T08:18:01.862000+00:00,11245,23.611,2.237,1280,16
2026-03-15T08:18:06.417000+00:00,11245,23.759,2.223,1280,16
2026-03-15T08:18:10.247000+00:00,11245,23.919,2.205,1280,16
2026-03-15T08:18:18.672000+00:00,11245,24.074,2.228,1280,16
2026-03-15T08:18:22.900000+00:00,11245,24.111,2.221,1280,16
2026-03-15T08:18:23.762000+00:00,11245,24.067,2.2,1280,16
2026-03-15T08:18:26.053000+00:00,11245,24.007,2.181,1280,16
2026-03-15T08:18:27.447000+00:00,11245,24.005,2.179,1280,16
2026-03-15T08:18:28.218000+00:00,11245,24.001,2.182,1280,16
2026-03-15T08:18:32.417000+00:00,11245,23.931,2.262,1280,16
2026-03-15T08:18:33.616000+00:00,11245,23.905,2.284,1280,16
2026-03-15T08:18:35.713000+00:00,11245,23.828,2.207,1280,16
2026-03-15T08:18:40.468000+00:00,11245,23.739,2.093,1280,16
2026-03-15T08:18:46.020000+00:00,11245,23.987,2.255,1280,16
2026-03-15T08:18:49.617000+00:00,11245,24.103,2.273,1280,16
2026-03-15T08:18:53.239000+00:00,11245,24.195,2.315,1280,16
2026-03-15T08:19:00.395000+00:00,11245,24.376,2.264,1280,16
2026-03-15T08:19:04.163000+00:00,11245,24.472,2.305,1280,16
2026-03-15T08:19:08.241000+00:00,11245,24.491,2.321,1280,16
2026-03-15T08:19:13.789000+00:00,11245,24.532,2.375,1280,16
2026-03-15T08:19:18.526000+00:00,11245,24.644,2.397,1280,16
2026-03-15T08:19:22.510000+00:00,11245,24.61,2.349,1280,16
2026-03-15T08:19:29.240000+00:00,11245,25.073,2.844,1280,16
2026-03-15T08:19:34.728000+00:00,11245,25.267,2.914,1280,16
2026-03-15T08:19:38.981000+00:00,11245,25.351,2.953,1280,16
2026-03-15T08:19:43.551000+00:00,11245,25.399,2.947,1280,16
2026-03-15T08:19:47.395000+00:00,11245,25.477,2.933,1280,16
2026-03-15T08:19:55.862000+00:00,11245,25.662,3.08,1280,16
2026-03-15T08:20:00.095000+00:00,11245,25.721,3.071,1280,16
2026-03-15T08:20:01.017000+00:00,11245,25.719,3.056,1280,16
2026-03-15T08:20:03.283000+00:00,11245,25.696,3.022,1280,16
2026-03-15T08:20:04.682000+00:00,11245,25.7,3.014,1280,16
2026-03-15T08:20:05.428000+00:00,11245,25.697,3.01,1280,16
2026-03-15T08:20:09.662000+00:00,11245,25.614,2.955,1280,16
2026-03-15T08:20:10.783000+00:00,11245,25.589,2.94,1280,16
2026-03-15T08:20:12.947000+00:00,11245,25.559,2.877,1280,16
2026-03-15T08:20:17.689000+00:00,11245,25.544,2.862,1280,16
2026-03-15T08:20:23.234000+00:00,11245,25.691,2.891,1280,16
2026-03-15T08:20:26.683000+00:00,11245,25.699,2.855,1280,16
2026-03-15T08:20:30.263000+00:00,11245,25.755,2.846,1280,16
2026-03-15T08:20:37.345000+00:00,11245,25.897,2.933,1280,16
2026-03-15T08:20:41.086000+00:00,11245,25.955,2.945,1280,16
2026-03-15T08:20:45.179000+00:00,11245,25.983,2.946,1280,16
2026-03-15T08:20:50.679000+00:00,11245,26.064,2.903,1280,16
2026-03-15T08:20:55.320000+00:00,11245,26.1,2.839,1280,16
2026-03-15T08:20:59.382000+00:00,11245,26.168,2.867,1280,16
2026-03-15T08:21:05.710000+00:00,11245,26.303,2.915,1280,16
2026-03-15T08:21:11.179000+00:00,11245,26.382,2.894,1280,16
2026-03-15T08:21:15.382000+00:00,11245,26.375,2.851,1280,16
2026-03-15T08:21:19.929000+00:00,11245,26.43,2.903,1280,16
2026-03-15T08:21:23.789000+00:00,11245,26.551,3.001,1280,16
2026-03-15T08:21:32.194000+00:00,11245,26.686,2.972,1280,16
2026-03-15T08:21:36.400000+00:00,11245,26.767,3.031,1280,16
2026-03-15T08:21:37.320000+00:00,11245,26.746,3.014,1280,16
2026-03-15T08:21:39.567000+00:00,11245,26.697,2.981,1280,16
2026-03-15T08:21:40.911000+00:00,11245,26.688,2.972,1280,16
2026-03-15T08:21:41.708000+00:00,11245,26.686,,1280,16
2026-03-15T08:21:45.926000+00:00,11245,26.646,3.025,1280,16
2026-03-15T08:21:47.161000+00:00,11245,26.629,3.033,1280,16
2026-03-15T08:21:49.223000+00:00,11245,26.565,2.917,1280,16
2026-03-15T08:21:54.037000+00:00,11245,26.603,2.997,1280,16
2026-03-15T08:21:59.646000+00:00,11245,26.794,3.127,1280,16
2026-03-15T08:22:03.161000+00:00,11245,26.817,3.12,1280,16
2026-03-15T08:22:06.817000+00:00,11245,26.873,3.172,1280,16
2026-03-15T08:22:13.848000+00:00,11245,26.993,3.241,1280,16
2026-03-15T08:22:17.567000+00:00,11245,27.109,3.261,1280,16
2026-03-15T08:22:21.614000+00:00,11245,27.241,3.266,1280,16
2026-03-15T08:22:27.239000+00:00,11245,27.367,3.371,1280,16
2026-03-15T08:22:31.927000+00:00,11245,27.46,3.422,1280,16
2026-03-15T08:22:35.942000+00:00,11245,27.422,3.443,1280,16
2026-03-15T08:22:42.286000+00:00,11245,27.531,3.538,1280,16
2026-03-15T08:22:47.848000+00:00,11245,27.71,3.597,1280,16
2026-03-15T08:22:51.989000+00:00,11245,27.703,3.566,1280,16
2026-03-15T08:22:56.442000+00:00,11245,27.626,3.407,1280,16
2026-03-15T08:23:00.114000+00:00,11245,27.517,3.18,1280,16
2026-03-15T08:23:08.458000+00:00,11245,27.507,3.126,1280,16
2026-03-15T08:23:12.630000+00:00,11245,27.544,3.088,1280,16
2026-03-15T08:23:13.536000+00:00,11245,27.505,3.063,1280,16
2026-03-15T08:23:15.770000+00:00,11245,27.411,2.999,1280,16
2026-03-15T08:23:17.177000+00:00,11245,27.398,2.982,1280,16
2026-03-15T08:23:17.895000+00:00,11245,27.389,2.972,1280,16
2026-03-15T08:23:22.083000+00:00,11245,27.254,2.833,1280,16
2026-03-15T08:23:23.260000+00:00,11245,27.218,2.787,1280,16
2026-03-15T08:23:25.411000+00:00,11245,27.197,2.716,1280,16
2026-03-15T08:23:30.052000+00:00,11245,26.987,2.569,1280,16
2026-03-15T08:23:35.692000+00:00,11245,27.262,2.798,1280,16
2026-03-15T08:23:39.177000+00:00,11245,27.289,2.745,1280,16
2026-03-15T08:23:42.692000+00:00,11245,27.279,2.714,1280,16
2026-03-15T08:23:49.739000+00:00,11245,27.354,2.703,1280,16
2026-03-15T08:23:53.442000+00:00,11245,27.456,2.695,1280,16
2026-03-15T08:23:57.505000+00:00,11245,27.627,2.676,1280,16
2026-03-15T08:24:03.005000+00:00,11245,27.701,2.763,1280,16
2026-03-15T08:24:07.680000+00:00,11245,27.754,2.792,1280,16
2026-03-15T08:24:11.758000+00:00,11245,27.771,2.806,1280,16
2026-03-15T08:24:18.129000+00:00,11245,27.853,2.917,1280,16
2026-03-15T08:24:23.564000+00:00,11245,27.989,2.949,1280,16
2026-03-15T08:24:27.757000+00:00,11245,28.013,2.937,1280,16
2026-03-15T08:24:32.356000+00:00,11245,28.072,2.974,1280,16
2026-03-15T08:24:36.247000+00:00,11245,28.149,3.016,1280,16
2026-03-15T08:24:44.669000+00:00,11245,28.041,3.098,1280,16
2026-03-15T08:24:48.864000+00:00,11245,28.076,3.117,1280,16
2026-03-15T08:24:49.742000+00:00,11245,28.016,3.095,1280,16
2026-03-15T08:24:52.034000+00:00,11245,27.933,3.056,1280,16
2026-03-15T08:24:53.364000+00:00,11245,27.918,3.044,1280,16
2026-03-15T08:24:54.133000+00:00,11245,27.911,3.049,1280,16
2026-03-15T08:24:58.418000+00:00,11245,27.87,3.153,1280,16
2026-03-15T08:24:59.649000+00:00,11245,27.868,3.179,1280,16
2026-03-15T08:25:01.810000+00:00,11245,27.841,3.142,1280,16
2026-03-15T08:25:06.630000+00:00,11245,27.874,3.106,1280,16
2026-03-15T08:25:12.111000+00:00,11245,27.933,3.161,1280,16
2026-03-15T08:25:15.533000+00:00,11245,27.895,3.093,1280,16
2026-03-15T08:25:19.122000+00:00,11245,27.919,3.107,1280,16
2026-03-15T08:25:26.139000+00:00,11245,28.023,3.173,1280,16
2026-03-15T08:25:29.848000+00:00,11245,28.131,3.165,1280,16
2026-03-15T08:25:33.919000+00:00,11245,28.253,3.151,1280,16
2026-03-15T08:25:39.302000+00:00,11245,28.217,3.066,1280,16
2026-03-15T08:25:44.016000+00:00,11245,28.283,3.101,1280,16
2026-03-15T08:25:48.068000+00:00,11245,28.305,3.151,1280,16
2026-03-15T08:25:54.364000+00:00,11245,28.357,3.178,1280,16
2026-03-15T08:25:59.917000+00:00,11245,28.513,3.14,1280,16
2026-03-15T08:26:04.088000+00:00,11245,28.527,3.103,1280,16
2026-03-15T08:26:08.706000+00:00,11245,28.596,3.086,1280,16
2026-03-15T08:26:12.587000+00:00,11245,28.686,3.068,1280,16
2026-03-15T08:26:20.989000+00:00,11245,28.781,3.118,1280,16
2026-03-15T08:26:25.168000+00:00,11245,28.835,3.089,1280,16
2026-03-15T08:26:26.083000+00:00,11245,28.814,3.043,1280,16
2026-03-15T08:26:28.317000+00:00,11245,28.73,3.012,1280,16
2026-03-15T08:26:29.730000+00:00,11245,28.72,3.002,1280,16
2026-03-15T08:26:30.471000+00:00,11245,28.719,2.995,1280,16
2026-03-15T08:26:34.685000+00:00,11245,28.707,2.952,1280,16
2026-03-15T08:26:35.887000+00:00,11245,28.706,2.934,1280,16
2026-03-15T08:26:38.061000+00:00,11245,28.703,2.864,1280,16
2026-03-15T08:26:42.733000+00:00,11245,28.491,2.764,1280,16
2026-03-15T08:26:48.343000+00:00,11245,28.716,2.936,1280,16
2026-03-15T08:26:51.843000+00:00,11245,28.778,2.929,1280,16
2026-03-15T08:26:55.436000+00:00,11245,28.831,2.967,1280,16
2026-03-15T08:27:02.515000+00:00,11245,28.927,3.055,1280,16
2026-03-15T08:27:06.218000+00:00,11245,29.026,3.035,1280,16
2026-03-15T08:27:10.249000+00:00,11245,29.153,3.011,1280,16
2026-03-15T08:27:15.733000+00:00,11245,29.152,,1280,16
2026-03-15T08:27:20.406000+00:00,11245,29.172,3.013,1280,16
2026-03-15T08:27:24.468000+00:00,11245,29.185,3.068,1280,16
2026-03-15T08:27:30.749000+00:00,11245,29.167,3.093,1280,16
2026-03-15T08:27:36.343000+00:00,11245,29.227,3.223,1280,16
2026-03-15T08:27:40.546000+00:00,11245,29.147,3.2,1280,16
2026-03-15T08:27:45.124000+00:00,11245,29.23,3.19,1280,16
2026-03-15T08:27:48.999000+00:00,11245,29.412,3.164,1280,16
2026-03-15T08:27:57.437000+00:00,11245,29.574,3.258,1280,16
2026-03-15T08:28:01.649000+00:00,11245,29.651,3.282,1280,16
2026-03-15T08:28:02.530000+00:00,11245,29.597,3.243,1280,16
2026-03-15T08:28:04.717000+00:00,11245,29.476,3.169,1280,16
2026-03-15T08:28:06.116000+00:00,11245,29.454,3.152,1280,16
2026-03-15T08:28:06.878000+00:00,11245,29.447,3.145,1280,16
2026-03-15T08:28:11.036000+00:00,11245,29.393,3.104,1280,16
2026-03-15T08:28:12.239000+00:00,11245,29.386,3.09,1280,16
2026-03-15T08:28:14.364000+00:00,11245,29.356,3.038,1280,16
2026-03-15T08:28:19.146000+00:00,11245,29.347,2.956,1280,16
2026-03-15T08:28:24.679000+00:00,11245,29.396,3.092,1280,16
2026-03-15T08:28:28.130000+00:00,11245,29.358,3.047,1280,16
2026-03-15T08:28:31.731000+00:00,11245,29.398,3.031,1280,16
2026-03-15T08:28:38.725000+00:00,11245,29.431,3.1,1280,16
2026-03-15T08:28:42.448000+00:00,11245,29.547,3.096,1280,16
2026-03-15T08:28:46.484000+00:00,11245,29.666,3.078,1280,16
2026-03-15T08:28:51.963000+00:00,11245,29.546,3.047,1280,16
2026-03-15T08:28:56.591000+00:00,11245,29.409,3.051,1280,16
2026-03-15T08:29:00.642000+00:00,11245,29.371,3.096,1280,16
2026-03-15T08:29:07.050000+00:00,11245,29.427,3.198,1280,16
2026-03-15T08:29:12.585000+00:00,11245,29.525,3.36,1280,16
2026-03-15T08:29:16.785000+00:00,11245,,3.318,1280,16
2026-03-15T08:29:21.355000+00:00,11245,29.574,3.308,1280,16
2026-03-15T08:29:25.221000+00:00,11245,29.638,3.29,1280,16
2026-03-15T08:29:34.155000+00:00,11245,30.273,3.86,1280,16
2026-03-15T08:29:38.304000+00:00,11245,30.282,3.833,1280,16
2026-03-15T08:29:39.242000+00:00,11245,30.287,3.847,1280,16
2026-03-15T08:29:41.455000+00:00,11245,30.201,3.778,1280,16
2026-03-15T08:29:42.854000+00:00,11245,30.185,3.76,1280,16
2026-03-15T08:29:43.619000+00:00,11245,30.18,3.755,1280,16
2026-03-15T08:29:47.904000+00:00,11245,30.168,3.764,1280,16
2026-03-15T08:29:49.129000+00:00,11245,30.171,3.768,1280,16
2026-03-15T08:29:51.317000+00:00,11245,30.227,3.754,1280,16
2026-03-15T08:29:56.080000+00:00,11245,30.032,3.684,1280,16
2026-03-15T08:30:01.486000+00:00,11245,30.147,3.691,1280,16
2026-03-15T08:30:05.003000+00:00,11245,30.191,3.716,1280,16
2026-03-15T08:30:08.612000+00:00,11245,30.251,3.768,1280,16
2026-03-15T08:30:15.721000+00:00,11245,30.416,3.902,1280,16
2026-03-15T08:30:19.440000+00:00,11245,30.554,3.931,1280,16
2026-03-15T08:30:23.565000+00:00,11245,30.694,3.947,1280,16
2026-03-15T08:30:29.003000+00:00,11245,30.725,3.925,1280,16
2026-03-15T08:30:33.659000+00:00,11245,30.754,3.917,1280,16
2026-03-15T08:30:37.597000+00:00,11245,30.717,3.903,1280,16
2026-03-15T08:30:43.909000+00:00,11245,30.759,3.917,1280,16
2026-03-15T08:30:49.346000+00:00,11245,30.915,3.931,1280,16
2026-03-15T08:30:53.564000+00:00,11245,30.947,3.884,1280,16
2026-03-15T08:30:58.099000+00:00,11245,30.978,3.877,1280,16
2026-03-15T08:31:01.974000+00:00,11245,31.015,3.869,1280,16
2026-03-15T08:31:10.443000+00:00,11245,31.275,3.909,1280,16
2026-03-15T08:31:14.656000+00:00,11245,31.344,3.904,1280,16
2026-03-15T08:31:15.527000+00:00,11245,31.322,3.872,1280,16
2026-03-15T08:31:17.785000+00:00,11245,31.25,3.806,1280,16
2026-03-15T08:31:19.202000+00:00,11245,31.24,3.789,1280,16
2026-03-15T08:31:19.921000+00:00,11245,31.229,3.783,1280,16
2026-03-15T08:31:24.074000+00:00,11245,31.055,3.755,1280,16
2026-03-15T08:31:25.230000+00:00,11245,31.008,3.748,1280,16
2026-03-15T08:31:27.365000+00:00,11245,30.963,3.687,1280,16
2026-03-15T08:31:32.065000+00:00,11245,30.928,3.594,1280,16
2026-03-15T08:31:37.615000+00:00,11245,31.048,3.738,1280,16
2026-03-15T08:31:41.102000+00:00,11245,31.077,3.695,1280,16
2026-03-15T08:31:44.665000+00:00,11245,31.122,3.713,1280,16
2026-03-15T08:31:51.834000+00:00,11245,31.299,3.839,1280,16
2026-03-15T08:31:55.553000+00:00,11245,31.406,3.85,1280,16
2026-03-15T08:31:59.584000+00:00,11245,31.571,3.849,1280,16
2026-03-15T08:32:05.006000+00:00,11245,31.589,3.799,1280,16
2026-03-15T08:32:09.668000+00:00,11245,31.636,3.779,1280,16
2026-03-15T08:32:13.730000+00:00,11245,31.686,3.842,1280,16
2026-03-15T08:32:20.193000+00:00,11245,31.966,4.115,1280,16
2026-03-15T08:32:25.655000+00:00,11245,32.028,4.035,1280,16
2026-03-15T08:32:29.790000+00:00,11245,32.036,4.003,1280,16
2026-03-15T08:32:34.401000+00:00,11245,32.08,3.984,1280,16
2026-03-15T08:32:38.248000+00:00,11245,32.136,3.964,1280,16
2026-03-15T08:32:46.728000+00:00,11245,30.226,,1280,16
2026-03-15T08:32:50.939000+00:00,11245,30.378,4.013,1280,16
2026-03-15T08:32:51.859000+00:00,11245,30.27,3.979,1280,16
2026-03-15T08:32:54.115000+00:00,11245,30.063,3.92,1280,16
2026-03-15T08:32:55.511000+00:00,11245,30.033,3.91,1280,16
2026-03-15T08:32:56.249000+00:00,11245,30.019,3.904,1280,16
2026-03-15T08:33:00.501000+00:00,11245,29.925,3.876,1280,16
2026-03-15T08:33:01.708000+00:00,11245,29.906,3.866,1280,16
2026-03-15T08:33:03.848000+00:00,11245,29.769,3.788,1280,16
2026-03-15T08:33:08.492000+00:00,11245,29.546,3.646,1280,16
2026-03-15T08:33:14.037000+00:00,11245,29.718,3.736,1280,16
2026-03-15T08:33:17.517000+00:00,11245,29.699,3.639,1280,16
2026-03-15T08:33:21.084000+00:00,11245,29.734,3.636,1280,16
2026-03-15T08:33:28.175000+00:00,11245,29.829,3.665,1280,16
2026-03-15T08:33:31.884000+00:00,11245,29.95,3.679,1280,16
2026-03-15T08:33:35.921000+00:00,11245,29.941,3.683,1280,16
2026-03-15T08:33:41.396000+00:00,11245,29.837,3.581,1280,16
2026-03-15T08:33:46.014000+00:00,11245,29.901,3.569,1280,16
2026-03-15T08:33:50.048000+00:00,11245,29.914,3.601,1280,16
2026-03-15T08:33:56.287000+00:00,11245,29.962,3.536,1280,16
2026-03-15T08:34:01.912000+00:00,11245,30.165,3.661,1280,16
2026-03-15T08:34:06.081000+00:00,11245,30.188,3.627,1280,16
2026-03-15T08:34:10.644000+00:00,11245,30.226,3.648,1280,16
2026-03-15T08:34:14.485000+00:00,11245,30.276,3.688,1280,16
2026-03-15T08:34:23.043000+00:00,11245,30.386,3.82,1280,16
2026-03-15T08:34:27.249000+00:00,11245,30.405,3.855,1280,16
2026-03-15T08:34:28.100000+00:00,11245,30.287,3.8,1280,16
2026-03-15T08:34:30.330000+00:00,11245,30.105,3.701,1280,16
2026-03-15T08:34:31.743000+00:00,11245,30.076,3.684,1280,16
2026-03-15T08:34:32.449000+00:00,11245,30.056,3.677,1280,16
2026-03-15T08:34:36.571000+00:00,11245,29.855,3.655,1280,16
2026-03-15T08:34:37.755000+00:00,11245,29.8,3.65,1280,16
2026-03-15T08:34:39.866000+00:00,11245,29.675,3.606,1280,16
2026-03-15T08:34:44.597000+00:00,11245,29.446,3.493,1280,16
2026-03-15T08:34:50.137000+00:00,11245,29.633,3.603,1280,16
2026-03-15T08:34:53.619000+00:00,11245,29.553,3.571,1280,16
2026-03-15T08:34:57.146000+00:00,11245,29.543,3.551,1280,16
2026-03-15T08:35:04.287000+00:00,11245,29.664,3.657,1280,16
2026-03-15T08:35:07.993000+00:00,11245,29.787,3.673,1280,16
2026-03-15T08:35:12.036000+00:00,11245,29.732,3.667,1280,16
2026-03-15T08:35:17.522000+00:00,11245,29.682,3.622,1280,16
2026-03-15T08:35:22.152000+00:00,11245,29.68,3.605,1280,16
2026-03-15T08:35:26.166000+00:00,11245,29.673,3.654,1280,16
2026-03-15T08:35:32.430000+00:00,11245,29.689,3.7,1280,16
2026-03-15T08:35:38.019000+00:00,11245,29.848,3.756,1280,16
2026-03-15T08:35:42.233000+00:00,11245,29.91,3.773,1280,16
2026-03-15T08:35:46.843000+00:00,11245,29.971,3.787,1280,16
2026-03-15T08:35:50.675000+00:00,11245,30.057,3.803,1280,16
2026-03-15T08:35:59.137000+00:00,11245,30.121,3.864,1280,16
2026-03-15T08:36:03.297000+00:00,11245,30.122,3.833,1280,16
2026-03-15T08:36:04.240000+00:00,11245,30.011,3.769,1280,16
2026-03-15T08:36:06.443000+00:00,11245,29.856,3.728,1280,16
2026-03-15T08:36:07.855000+00:00,11245,29.827,3.72,1280,16
2026-03-15T08:36:08.591000+00:00,11245,29.812,3.719,1280,16
2026-03-15T08:36:12.786000+00:00,11245,29.696,3.767,1280,16
2026-03-15T08:36:13.991000+00:00,11245,29.667,3.782,1280,16
2026-03-15T08:36:16.141000+00:00,11245,29.587,3.717,1280,16
2026-03-15T08:36:20.829000+00:00,11245,29.517,3.624,1280,16
2026-03-15T08:36:26.360000+00:00,11245,29.672,3.711,1280,16
2026-03-15T08:36:29.813000+00:00,11245,29.633,3.664,1280,16
2026-03-15T08:36:33.391000+00:00,11245,29.627,3.651,1280,16
2026-03-15T08:36:40.422000+00:00,11245,29.716,3.676,1280,16
2026-03-15T08:36:44.141000+00:00,11245,29.825,3.673,1280,16
2026-03-15T08:36:48.172000+00:00,11245,29.73,3.662,1280,16
2026-03-15T08:36:53.594000+00:00,11245,29.628,3.58,1280,16
2026-03-15T08:36:58.235000+00:00,11245,29.678,3.548,1280,16
2026-03-15T08:37:02.235000+00:00,11245,29.63,3.541,1280,16
2026-03-15T08:37:08.518000+00:00,11245,29.702,3.606,1280,16
2026-03-15T08:37:14.087000+00:00,11245,29.763,3.649,1280,16
2026-03-15T08:37:18.244000+00:00,11245,29.782,3.633,1280,16
2026-03-15T08:37:22.812000+00:00,11245,29.834,3.659,1280,16
2026-03-15T08:37:26.682000+00:00,11245,29.898,3.7,1280,16
2026-03-15T08:37:35.126000+00:00,11245,29.837,3.791,1280,16
2026-03-15T08:37:39.356000+00:00,11245,29.761,3.805,1280,16
2026-03-15T08:37:40.195000+00:00,11245,29.613,3.731,1280,16
2026-03-15T08:37:42.451000+00:00,11245,29.317,3.639,1280,16
2026-03-15T08:37:43.866000+00:00,11245,29.087,3.628,1280,16
2026-03-15T08:37:44.611000+00:00,11245,28.894,3.627,1280,16
