date,session_key,meeting_key,driver_number,interval,gap_to_leader
2026-03-08T04:03:34.432000+00:00,11234,1279,44,,0.169
2026-03-08T04:03:36.985000+00:00,11234,1279,44,0.124,0.156
2026-03-08T04:03:43.300000+00:00,11234,1279,44,0.409,1.263
2026-03-08T04:03:46.985000+00:00,11234,1279,44,0.001,1.282
2026-03-08T04:03:50.898000+00:00,11234,1279,44,0.161,1.143
2026-03-08T04:03:54.834000+00:00,11234,1279,44,0.168,1.618
2026-03-08T04:04:00.447000+00:00,11234,1279,44,0.369,2.284
2026-03-08T04:04:03.450000+00:00,11234,1279,44,0.284,2.515
2026-03-08T04:04:05.446000+00:00,11234,1279,44,0.302,2.572
2026-03-08T04:04:09.644000+00:00,11234,1279,44,0.343,2.841
2026-03-08T04:04:13.134000+00:00,11234,1279,44,0.379,2.863
2026-03-08T04:04:16.715000+00:00,11234,1279,44,0.453,2.806
2026-03-08T04:04:20.591000+00:00,11234,1279,44,0.587,2.595
2026-03-08T04:04:23.916000+00:00,11234,1279,44,0.672,2.332
2026-03-08T04:04:29.129000+00:00,11234,1279,44,0.266,2.463
2026-03-08T04:04:34.457000+00:00,11234,1279,44,0.037,2.406
2026-03-08T04:04:38.230000+00:00,11234,1279,44,0.046,2.295
2026-03-08T04:04:44.398000+00:00,11234,1279,44,2.02,2.822
2026-03-08T04:04:48.064000+00:00,11234,1279,44,2.329,3.122
2026-03-08T04:04:51.883000+00:00,11234,1279,44,2.499,3.339
2026-03-08T04:04:54.098000+00:00,11234,1279,44,2.54,3.416
2026-03-08T04:04:56.004000+00:00,11234,1279,44,2.542,3.442
2026-03-08T04:05:01.195000+00:00,11234,1279,44,2.563,3.363
2026-03-08T04:05:01.881000+00:00,11234,1279,44,2.567,3.332
2026-03-08T04:05:04.655000+00:00,11234,1279,44,2.513,3.174
2026-03-08T04:05:06.198000+00:00,11234,1279,44,2.457,3.2
2026-03-08T04:05:11.026000+00:00,11234,1279,44,2.525,3.266
2026-03-08T04:05:14.595000+00:00,11234,1279,44,2.674,3.281
2026-03-08T04:05:18.012000+00:00,11234,1279,44,2.641,3.323
2026-03-08T04:05:21.642000+00:00,11234,1279,44,2.506,3.228
2026-03-08T04:05:26.514000+00:00,11234,1279,44,2.558,3.183
2026-03-08T04:05:29.284000+00:00,11234,1279,44,2.639,3.205
2026-03-08T04:05:31.517000+00:00,11234,1279,44,2.784,3.206
2026-03-08T04:05:35.399000+00:00,11234,1279,44,2.747,3.219
2026-03-08T04:05:38.700000+00:00,11234,1279,44,2.773,3.206
2026-03-08T04:05:42.478000+00:00,11234,1279,44,2.837,3.196
2026-03-08T04:05:46.377000+00:00,11234,1279,44,2.98,3.167
2026-03-08T04:05:49.648000+00:00,11234,1279,44,3.107,3.147
2026-03-08T04:05:54.625000+00:00,11234,1279,44,2.56,2.849
2026-03-08T04:05:59.784000+00:00,11234,1279,44,2.635,2.647
2026-03-08T04:06:03.829000+00:00,11234,1279,44,2.415,2.659
2026-03-08T04:06:09.557000+00:00,11234,1279,44,2.238,2.488
2026-03-08T04:06:12.933000+00:00,11234,1279,44,2.034,2.431
2026-03-08T04:06:16.509000+00:00,11234,1279,44,1.852,2.205
2026-03-08T04:06:18.721000+00:00,11234,1279,44,1.838,2.17
2026-03-08T04:06:20.628000+00:00,11234,1279,44,1.711,2.167
2026-03-08T04:06:25.833000+00:00,11234,1279,44,1.723,2.187
2026-03-08T04:06:26.518000+00:00,11234,1279,44,1.746,2.186
2026-03-08T04:06:29.391000+00:00,11234,1279,44,1.87,2.129
2026-03-08T04:06:30.815000+00:00,11234,1279,44,1.793,2.095
2026-03-08T04:06:35.651000+00:00,11234,1279,44,1.733,2.214
2026-03-08T04:06:39.309000+00:00,11234,1279,44,1.794,2.241
2026-03-08T04:06:42.692000+00:00,11234,1279,44,1.846,2.215
2026-03-08T04:06:46.330000+00:00,11234,1279,44,1.699,2.141
2026-03-08T04:06:51.263000+00:00,11234,1279,44,1.666,2.22
2026-03-08T04:06:54.167000+00:00,11234,1279,44,1.767,2.345
2026-03-08T04:06:56.404000+00:00,11234,1279,44,1.833,2.538
2026-03-08T04:07:00.270000+00:00,11234,1279,44,1.795,2.719
2026-03-08T04:07:03.580000+00:00,11234,1279,44,1.798,2.683
2026-03-08T04:07:07.344000+00:00,11234,1279,44,1.831,2.541
2026-03-08T04:07:11.187000+00:00,11234,1279,44,1.911,2.301
2026-03-08T04:07:14.496000+00:00,11234,1279,44,2.029,2.128
2026-03-08T04:07:19.496000+00:00,11234,1279,44,1.538,1.871
2026-03-08T04:07:24.721000+00:00,11234,1279,44,1.608,1.712
2026-03-08T04:07:28.756000+00:00,11234,1279,44,1.529,1.698
2026-03-08T04:07:34.444000+00:00,11234,1279,44,1.264,1.543
2026-03-08T04:07:37.813000+00:00,11234,1279,44,1.125,1.463
2026-03-08T04:07:41.436000+00:00,11234,1279,44,0.926,1.436
2026-03-08T04:07:43.591000+00:00,11234,1279,44,0.875,
2026-03-08T04:07:45.631000+00:00,11234,1279,44,0.824,1.37
2026-03-08T04:07:50.752000+00:00,11234,1279,44,0.659,1.213
2026-03-08T04:07:51.368000+00:00,11234,1279,44,0.616,1.167
2026-03-08T04:07:54.050000+00:00,11234,1279,44,0.444,0.954
2026-03-08T04:07:55.567000+00:00,11234,1279,44,0.422,0.993
2026-03-08T04:08:00.523000+00:00,11234,1279,44,0.501,1.108
2026-03-08T04:08:04.091000+00:00,11234,1279,44,0.58,1.064
2026-03-08T04:08:07.565000+00:00,11234,1279,44,0.575,1.1
2026-03-08T04:08:11.212000+00:00,11234,1279,44,0.519,1.141
2026-03-08T04:08:16.240000+00:00,11234,1279,44,0.588,1.249
2026-03-08T04:08:19.112000+00:00,11234,1279,44,0.763,1.412
2026-03-08T04:08:21.358000+00:00,11234,1279,44,0.957,1.491
2026-03-08T04:08:25.261000+00:00,11234,1279,44,1.044,1.637
2026-03-08T04:08:28.634000+00:00,11234,1279,44,1.091,1.662
2026-03-08T04:08:32.356000+00:00,11234,1279,44,1.153,1.665
2026-03-08T04:08:36.130000+00:00,11234,1279,44,1.202,1.591
2026-03-08T04:08:39.430000+00:00,11234,1279,44,1.232,1.495
2026-03-08T04:08:44.465000+00:00,11234,1279,44,1.005,1.59
2026-03-08T04:08:49.636000+00:00,11234,1279,44,1.137,1.565
2026-03-08T04:08:53.645000+00:00,11234,1279,44,0.97,1.474
2026-03-08T04:08:59.340000+00:00,11234,1279,44,0.957,1.418
2026-03-08T04:09:02.756000+00:00,11234,1279,44,0.958,1.485
2026-03-08T04:09:06.487000+00:00,11234,1279,44,0.908,1.648
2026-03-08T04:09:08.612000+00:00,11234,1279,44,0.895,1.701
2026-03-08T04:09:10.622000+00:00,11234,1279,44,0.865,1.724
2026-03-08T04:09:15.797000+00:00,11234,1279,44,0.897,1.698
2026-03-08T04:09:16.484000+00:00,11234,1279,44,0.893,1.68
2026-03-08T04:09:19.148000+00:00,11234,1279,44,0.896,1.622
2026-03-08T04:09:20.608000+00:00,11234,1279,44,0.882,1.674
2026-03-08T04:09:25.506000+00:00,11234,1279,44,0.979,1.787
2026-03-08T04:09:29.165000+00:00,11234,1279,44,1.092,1.738
2026-03-08T04:09:32.508000+00:00,11234,1279,44,1.016,1.772
2026-03-08T04:09:36.182000+00:00,11234,1279,44,0.992,1.855
2026-03-08T04:09:41.051000+00:00,11234,1279,44,1.04,1.905
2026-03-08T04:09:43.870000+00:00,11234,1279,44,1.104,2.026
2026-03-08T04:09:46.061000+00:00,11234,1279,44,1.207,2.102
2026-03-08T04:09:49.870000+00:00,11234,1279,44,1.208,2.17
2026-03-08T04:09:53.187000+00:00,11234,1279,44,1.268,2.212
2026-03-08T04:09:56.935000+00:00,11234,1279,44,1.321,2.229
2026-03-08T04:10:00.821000+00:00,11234,1279,44,1.361,2.202
2026-03-08T04:10:04.158000+00:00,11234,1279,44,1.394,2.135
2026-03-08T04:10:09.056000+00:00,11234,1279,44,1.46,2.211
2026-03-08T04:10:14.279000+00:00,11234,1279,44,1.55,2.214
2026-03-08T04:10:18.398000+00:00,11234,1279,44,1.576,2.246
2026-03-08T04:10:23.993000+00:00,11234,1279,44,1.534,2.18
2026-03-08T04:10:27.398000+00:00,11234,1279,44,1.539,2.247
2026-03-08T04:10:30.980000+00:00,11234,1279,44,1.399,2.297
2026-03-08T04:10:33.125000+00:00,11234,1279,44,1.402,2.304
2026-03-08T04:10:35.112000+00:00,11234,1279,44,1.383,2.271
2026-03-08T04:10:40.280000+00:00,11234,1279,44,1.384,2.219
2026-03-08T04:10:40.925000+00:00,11234,1279,44,1.378,2.201
2026-03-08T04:10:43.650000+00:00,11234,1279,44,1.361,2.116
2026-03-08T04:10:44.998000+00:00,11234,1279,44,1.354,2.11
2026-03-08T04:10:49.980000+00:00,11234,1279,44,1.518,2.24
2026-03-08T04:10:53.611000+00:00,11234,1279,44,1.681,2.167
2026-03-08T04:10:57.041000+00:00,11234,1279,44,1.68,2.147
2026-03-08T04:11:00.704000+00:00,11234,1279,44,1.579,2.163
2026-03-08T04:11:05.590000+00:00,11234,1279,44,1.608,2.21
2026-03-08T04:11:08.380000+00:00,11234,1279,44,1.702,2.317
2026-03-08T04:11:10.581000+00:00,11234,1279,44,1.832,2.394
2026-03-08T04:11:14.419000+00:00,11234,1279,44,1.809,2.405
2026-03-08T04:11:17.649000+00:00,11234,1279,44,1.85,2.41
2026-03-08T04:11:21.428000+00:00,11234,1279,44,1.92,2.413
2026-03-08T04:11:25.272000+00:00,11234,1279,44,2.036,2.387
2026-03-08T04:11:28.618000+00:00,11234,1279,44,2.163,2.346
2026-03-08T04:11:33.594000+00:00,11234,1279,44,1.981,2.351
2026-03-08T04:11:38.786000+00:00,11234,1279,44,2.172,2.331
2026-03-08T04:11:42.858000+00:00,11234,1279,44,2.209,2.348
2026-03-08T04:11:48.595000+00:00,11234,1279,44,1.836,2.08
2026-03-08T04:11:51.975000+00:00,11234,1279,44,1.704,2.127
2026-03-08T04:11:55.585000+00:00,11234,1279,44,1.533,2.209
2026-03-08T04:11:57.780000+00:00,11234,1279,44,1.407,2.183
2026-03-08T04:11:59.778000+00:00,11234,1279,44,1.316,2.119
2026-03-08T04:12:05.004000+00:00,11234,1279,44,1.4,2.086
2026-03-08T04:12:05.652000+00:00,11234,1279,44,1.442,2.082
2026-03-08T04:12:08.386000+00:00,11234,1279,44,1.615,2.063
2026-03-08T04:12:09.835000+00:00,11234,1279,44,1.559,2.096
2026-03-08T04:12:14.709000+00:00,11234,1279,44,1.618,2.151
2026-03-08T04:12:18.363000+00:00,11234,1279,44,1.72,2.13
2026-03-08T04:12:21.763000+00:00,11234,1279,44,1.626,2.131
2026-03-08T04:12:25.334000+00:00,11234,1279,44,1.505,2.113
2026-03-08T04:12:30.286000+00:00,11234,1279,44,1.538,2.164
2026-03-08T04:12:33.016000+00:00,11234,1279,44,1.615,2.224
2026-03-08T04:12:35.192000+00:00,11234,1279,44,1.698,2.275
2026-03-08T04:12:39.019000+00:00,11234,1279,44,1.731,2.335
2026-03-08T04:12:42.357000+00:00,11234,1279,44,1.785,2.392
2026-03-08T04:12:46.099000+00:00,11234,1279,44,1.777,2.407
2026-03-08T04:12:49.959000+00:00,11234,1279,44,1.736,2.371
2026-03-08T04:12:53.264000+00:00,11234,1279,44,1.699,2.313
2026-03-08T04:12:58.221000+00:00,11234,1279,44,1.736,2.335
2026-03-08T04:13:03.402000+00:00,11234,1279,44,1.872,2.325
2026-03-08T04:13:07.451000+00:00,11234,1279,44,1.704,2.357
2026-03-08T04:13:13.097000+00:00,11234,1279,44,1.717,2.365
2026-03-08T04:13:16.484000+00:00,11234,1279,44,1.757,2.456
2026-03-08T04:13:20.031000+00:00,11234,1279,44,1.677,2.529
2026-03-08T04:13:22.174000+00:00,11234,1279,44,1.642,2.478
2026-03-08T04:13:24.193000+00:00,11234,1279,44,1.63,2.417
2026-03-08T04:13:29.366000+00:00,11234,1279,44,1.69,2.42
2026-03-08T04:13:30.022000+00:00,11234,1279,44,1.708,2.413
2026-03-08T04:13:32.710000+00:00,11234,1279,44,1.804,2.374
2026-03-08T04:13:34.052000+00:00,11234,1279,44,1.764,2.381
2026-03-08T04:13:38.965000+00:00,11234,1279,44,1.959,2.46
2026-03-08T04:13:42.618000+00:00,11234,1279,44,2.23,2.352
2026-03-08T04:13:46.051000+00:00,11234,1279,44,2.26,2.331
2026-03-08T04:13:49.639000+00:00,11234,1279,44,1.694,1.974
2026-03-08T04:13:54.505000+00:00,11234,1279,44,1.466,1.891
2026-03-08T04:13:57.294000+00:00,11234,1279,44,1.521,1.978
2026-03-08T04:13:59.492000+00:00,11234,1279,44,1.683,2.045
2026-03-08T04:14:03.262000+00:00,11234,1279,44,1.682,2.112
2026-03-08T04:14:06.600000+00:00,11234,1279,44,1.698,2.213
2026-03-08T04:14:10.356000+00:00,11234,1279,44,1.719,2.158
2026-03-08T04:14:14.231000+00:00,11234,1279,44,1.754,1.95
2026-03-08T04:14:17.613000+00:00,11234,1279,44,1.768,1.791
2026-03-08T04:14:22.533000+00:00,11234,1279,44,1.421,1.821
2026-03-08T04:14:27.718000+00:00,11234,1279,44,1.41,1.723
2026-03-08T04:14:31.811000+00:00,11234,1279,44,1.195,1.659
2026-03-08T04:14:37.440000+00:00,11234,1279,44,1.122,1.628
2026-03-08T04:14:40.823000+00:00,11234,1279,44,1.095,1.526
2026-03-08T04:14:44.402000+00:00,11234,1279,44,0.902,1.492
2026-03-08T04:14:46.594000+00:00,11234,1279,44,0.839,1.468
2026-03-08T04:14:48.643000+00:00,11234,1279,44,0.81,1.483
2026-03-08T04:14:53.760000+00:00,11234,1279,44,0.893,1.32
2026-03-08T04:14:54.410000+00:00,11234,1279,44,0.926,1.258
2026-03-08T04:14:57.093000+00:00,11234,1279,44,1.014,1.081
2026-03-08T04:14:58.500000+00:00,11234,1279,44,0.945,1.062
2026-03-08T04:15:03.370000+00:00,11234,1279,44,0.364,0.492
2026-03-08T04:15:06.872000+00:00,11234,1279,44,0.112,0.188
2026-03-08T04:15:10.249000+00:00,11234,1279,44,0.264,0.334
2026-03-08T04:15:14.286000+00:00,11234,1279,44,0.08,
2026-03-08T04:15:19.724000+00:00,11234,1279,44,0.207,0.748
2026-03-08T04:15:22.711000+00:00,11234,1279,44,0.372,1.073
2026-03-08T04:15:25.020000+00:00,11234,1279,44,0.541,1.372
2026-03-08T04:15:29.154000+00:00,11234,1279,44,0.737,1.814
2026-03-08T04:15:32.457000+00:00,11234,1279,44,0.808,1.882
2026-03-08T04:15:36.212000+00:00,11234,1279,44,0.835,1.847
2026-03-08T04:15:40.097000+00:00,11234,1279,44,0.802,1.694
2026-03-08T04:15:43.390000+00:00,11234,1279,44,0.724,1.495
2026-03-08T04:15:48.317000+00:00,11234,1279,44,0.629,1.534
2026-03-08T04:15:53.445000+00:00,11234,1279,44,0.725,1.487
2026-03-08T04:15:57.514000+00:00,11234,1279,44,0.692,1.414
2026-03-08T04:16:03.171000+00:00,11234,1279,44,0.759,1.459
2026-03-08T04:16:06.620000+00:00,11234,1279,44,0.795,1.557
2026-03-08T04:16:10.218000+00:00,11234,1279,44,0.744,1.703
2026-03-08T04:16:12.435000+00:00,11234,1279,44,0.774,1.665
2026-03-08T04:16:14.404000+00:00,11234,1279,44,0.708,1.558
2026-03-08T04:16:19.653000+00:00,11234,1279,44,0.78,1.511
2026-03-08T04:16:20.259000+00:00,11234,1279,44,0.792,1.5
2026-03-08T04:16:22.943000+00:00,11234,1279,44,0.807,1.45
2026-03-08T04:16:24.324000+00:00,11234,1279,44,0.768,1.498
2026-03-08T04:16:29.253000+00:00,11234,1279,44,0.877,1.583
2026-03-08T04:16:32.838000+00:00,11234,1279,44,0.936,1.429
2026-03-08T04:16:36.199000+00:00,11234,1279,44,0.774,1.344
2026-03-08T04:16:40.027000+00:00,11234,1279,44,0.758,1.417
2026-03-08T04:16:44.885000+00:00,11234,1279,44,0.809,1.492
2026-03-08T04:16:47.555000+00:00,11234,1279,44,0.868,1.502
2026-03-08T04:16:49.745000+00:00,11234,1279,44,0.944,1.498
2026-03-08T04:16:53.588000+00:00,11234,1279,44,0.928,1.6
2026-03-08T04:16:56.885000+00:00,11234,1279,44,0.959,1.66
2026-03-08T04:17:00.643000+00:00,11234,1279,44,0.917,1.662
2026-03-08T04:17:04.434000+00:00,11234,1279,44,0.806,1.573
2026-03-08T04:17:07.657000+00:00,11234,1279,44,0.685,1.434
2026-03-08T04:17:12.592000+00:00,11234,1279,44,0.739,1.544
2026-03-08T04:17:17.783000+00:00,11234,1279,44,0.812,1.531
2026-03-08T04:17:21.790000+00:00,11234,1279,44,0.799,1.535
2026-03-08T04:17:27.507000+00:00,11234,1279,44,0.944,1.585
2026-03-08T04:17:30.862000+00:00,11234,1279,44,0.942,1.647
2026-03-08T04:17:34.493000+00:00,11234,1279,44,0.896,1.783
2026-03-08T04:17:36.663000+00:00,11234,1279,44,0.879,1.79
2026-03-08T04:17:38.653000+00:00,11234,1279,44,0.835,1.758
2026-03-08T04:17:43.856000+00:00,11234,1279,44,0.911,1.782
2026-03-08T04:17:44.569000+00:00,11234,1279,44,0.935,1.778
2026-03-08T04:17:47.251000+00:00,11234,1279,44,1.065,1.76
2026-03-08T04:17:48.609000+00:00,11234,1279,44,1.058,1.776
2026-03-08T04:17:53.510000+00:00,11234,1279,44,1.144,1.841
2026-03-08T04:17:57.081000+00:00,11234,1279,44,1.281,1.669
2026-03-08T04:18:00.385000+00:00,11234,1279,44,1.132,1.578
2026-03-08T04:18:04.041000+00:00,11234,1279,44,0.966,1.6
2026-03-08T04:18:08.975000+00:00,11234,1279,44,0.985,1.621
2026-03-08T04:18:11.641000+00:00,11234,1279,44,1.047,1.69
2026-03-08T04:18:13.859000+00:00,11234,1279,44,1.151,1.837
2026-03-08T04:18:17.683000+00:00,11234,1279,44,1.172,2.018
2026-03-08T04:18:20.920000+00:00,11234,1279,44,1.212,2.09
2026-03-08T04:18:24.665000+00:00,11234,1279,44,1.175,2.055
2026-03-08T04:18:28.473000+00:00,11234,1279,44,1.023,1.868
2026-03-08T04:18:31.710000+00:00,11234,1279,44,0.889,1.639
2026-03-08T04:18:36.688000+00:00,11234,1279,44,0.998,1.767
2026-03-08T04:18:41.867000+00:00,11234,1279,44,1.101,1.786
2026-03-08T04:18:45.922000+00:00,11234,1279,44,1.12,1.833
2026-03-08T04:18:51.603000+00:00,11234,1279,44,1.117,1.858
2026-03-08T04:18:55.026000+00:00,11234,1279,44,1.108,1.976
2026-03-08T04:18:58.624000+00:00,11234,1279,44,1.089,2.117
2026-03-08T04:19:00.794000+00:00,11234,1279,44,1.048,2.141
2026-03-08T04:19:02.754000+00:00,11234,1279,44,0.962,2.105
2026-03-08T04:19:07.944000+00:00,11234,1279,44,1.023,2.065
2026-03-08T04:19:08.786000+00:00,11234,1279,44,1.041,2.053
2026-03-08T04:19:11.430000+00:00,11234,1279,44,1.23,2.113
2026-03-08T04:19:13.497000+00:00,11234,1279,44,1.694,2.731
2026-03-08T04:19:23.078000+00:00,11234,1279,44,2.544,4.091
2026-03-08T04:19:28.347000+00:00,11234,1279,44,2.426,3.714
2026-03-08T04:19:32.037000+00:00,11234,1279,44,1.96,3.147
2026-03-08T04:19:35.847000+00:00,11234,1279,44,1.417,2.638
2026-03-08T04:19:42.759000+00:00,11234,1279,44,1.444,2.541
2026-03-08T04:19:46.407000+00:00,11234,1279,44,1.452,2.69
2026-03-08T04:19:49.063000+00:00,11234,1279,44,1.709,2.851
2026-03-08T04:19:53.405000+00:00,11234,1279,44,1.131,2.811
2026-03-08T04:19:57.776000+00:00,11234,1279,44,1.668,3.794
2026-03-08T04:20:04.283000+00:00,11234,1279,44,1.455,3.028
2026-03-08T04:20:09.772000+00:00,11234,1279,44,0.866,1.597
2026-03-08T04:20:17.125000+00:00,11234,1279,44,0.986,2.744
2026-03-08T04:20:24.614000+00:00,11234,1279,44,0.854,2.186
2026-03-08T04:20:30.082000+00:00,11234,1279,44,0.833,1.998
2026-03-08T04:20:34.366000+00:00,11234,1279,44,0.727,1.857
2026-03-08T04:20:40.557000+00:00,11234,1279,44,1.058,1.78
2026-03-08T04:20:44.594000+00:00,11234,1279,44,1.138,1.985
2026-03-08T04:20:49.229000+00:00,11234,1279,44,1.158,1.953
2026-03-08T04:20:52.631000+00:00,11234,1279,44,1.918,2.717
2026-03-08T04:20:55.175000+00:00,11234,1279,44,,2.673
2026-03-08T04:21:02.181000+00:00,11234,1279,44,,2.634
2026-03-08T04:21:03.564000+00:00,11234,1279,44,,2.634
2026-03-08T04:21:03.565000+00:00,11234,1279,44,3.003,3.003
2026-03-08T04:21:07.758000+00:00,11234,1279,44,3.276,3.276
2026-03-08T04:21:09.515000+00:00,11234,1279,44,3.11,3.11
2026-03-08T04:21:15.507000+00:00,11234,1279,44,2.895,2.895
2026-03-08T04:21:20.726000+00:00,11234,1279,44,2.355,2.355
2026-03-08T04:21:25.226000+00:00,11234,1279,44,1.813,1.813
2026-03-08T04:21:29.310000+00:00,11234,1279,44,1.671,1.671
2026-03-08T04:21:36.443000+00:00,11234,1279,44,3.042,3.042
2026-03-08T04:21:41.220000+00:00,11234,1279,44,3.039,3.039
2026-03-08T04:21:44.259000+00:00,11234,1279,44,3.047,3.047
2026-03-08T04:21:48.883000+00:00,11234,1279,44,1.328,1.328
2026-03-08T04:21:53.329000+00:00,11234,1279,44,2.264,2.264
2026-03-08T04:21:59.143000+00:00,11234,1279,44,3.991,3.991
2026-03-08T04:22:04.799000+00:00,11234,1279,44,2.37,2.37
2026-03-08T04:22:11.800000+00:00,11234,1279,44,3.491,3.491
2026-03-08T04:22:18.286000+00:00,11234,1279,44,1.929,1.929
2026-03-08T04:22:23.895000+00:00,11234,1279,44,1.865,1.865
2026-03-08T04:22:28.327000+00:00,11234,1279,44,1.898,1.898
2026-03-08T04:22:35.390000+00:00,11234,1279,44,2.559,2.559
2026-03-08T04:22:39.492000+00:00,11234,1279,44,2.91,2.91
2026-03-08T04:22:43.899000+00:00,11234,1279,44,2.242,2.242
2026-03-08T04:22:48.034000+00:00,11234,1279,44,2.921,2.921
2026-03-08T04:22:50.512000+00:00,11234,1279,44,3.002,3.002
2026-03-08T04:22:58.320000+00:00,11234,1279,44,3.774,3.774
2026-03-08T04:22:59.857000+00:00,11234,1279,44,4.14,4.14
2026-03-08T04:23:04.011000+00:00,11234,1279,44,4.132,4.132
2026-03-08T04:23:05.692000+00:00,11234,1279,44,3.883,3.883
2026-03-08T04:23:11.145000+00:00,11234,1279,44,3.494,3.494
2026-03-08T04:23:15.901000+00:00,11234,1279,44,3.0,3.0
2026-03-08T04:23:19.843000+00:00,11234,1279,44,2.41,2.41
2026-03-08T04:23:23.554000+00:00,11234,1279,44,1.86,1.86
2026-03-08T04:23:28.461000+00:00,11234,1279,44,1.783,1.783
2026-03-08T04:23:31.200000+00:00,11234,1279,44,1.815,1.815
2026-03-08T04:23:33.373000+00:00,11234,1279,44,1.952,1.952
2026-03-08T04:23:37.100000+00:00,11234,1279,44,1.987,1.987
2026-03-08T04:23:40.354000+00:00,11234,1279,44,1.982,1.982
2026-03-08T04:23:44.122000+00:00,11234,1279,44,1.946,1.946
2026-03-08T04:23:47.955000+00:00,11234,1279,44,1.829,1.829
2026-03-08T04:23:51.350000+00:00,11234,1279,44,1.707,1.707
2026-03-08T04:23:56.185000+00:00,11234,1279,44,1.71,1.71
2026-03-08T04:24:01.362000+00:00,11234,1279,44,1.734,1.734
2026-03-08T04:24:05.523000+00:00,11234,1279,44,1.821,1.821
2026-03-08T04:24:11.103000+00:00,11234,1279,44,1.798,1.798
2026-03-08T04:24:14.476000+00:00,11234,1279,44,1.91,1.91
2026-03-08T04:24:18.086000+00:00,11234,1279,44,1.945,1.945
2026-03-08T04:24:20.306000+00:00,11234,1279,44,1.995,1.995
2026-03-08T04:24:22.299000+00:00,11234,1279,44,1.978,1.978
2026-03-08T04:24:27.526000+00:00,11234,1279,44,1.982,1.982
2026-03-08T04:24:28.196000+00:00,11234,1279,44,1.978,1.978
2026-03-08T04:24:30.980000+00:00,11234,1279,44,1.941,1.941
2026-03-08T04:24:32.303000+00:00,11234,1279,44,1.97,1.97
2026-03-08T04:24:37.152000+00:00,11234,1279,44,2.042,2.042
2026-03-08T04:24:40.790000+00:00,11234,1279,44,2.095,2.095
2026-03-08T04:24:44.135000+00:00,11234,1279,44,1.985,1.985
2026-03-08T04:24:47.687000+00:00,11234,1279,44,1.953,1.953
2026-03-08T04:24:52.572000+00:00,11234,1279,44,1.989,1.989
2026-03-08T04:24:55.234000+00:00,11234,1279,44,2.0,2.0
2026-03-08T04:25:01.107000+00:00,11234,1279,44,1.949,1.949
2026-03-08T04:25:04.322000+00:00,11234,1279,44,1.972,1.972
2026-03-08T04:25:08.029000+00:00,11234,1279,44,1.97,1.97
2026-03-08T04:25:11.879000+00:00,11234,1279,44,1.918,1.918
2026-03-08T04:25:15.220000+00:00,11234,1279,44,1.859,1.859
2026-03-08T04:25:20.065000+00:00,11234,1279,44,1.853,1.853
2026-03-08T04:25:25.267000+00:00,11234,1279,44,1.81,1.81
2026-03-08T04:25:29.409000+00:00,11234,1279,44,1.928,1.928
2026-03-08T04:25:34.989000+00:00,11234,1279,44,1.916,1.916
2026-03-08T04:25:38.352000+00:00,11234,1279,44,2.044,2.044
2026-03-08T04:25:41.919000+00:00,11234,1279,44,2.085,2.085
2026-03-08T04:25:44.061000+00:00,11234,1279,44,2.041,2.041
2026-03-08T04:25:46.019000+00:00,11234,1279,44,2.024,2.024
2026-03-08T04:25:51.244000+00:00,11234,1279,44,1.928,1.928
2026-03-08T04:25:51.918000+00:00,11234,1279,44,1.916,1.916
2026-03-08T04:25:54.628000+00:00,11234,1279,44,1.864,1.864
2026-03-08T04:25:55.914000+00:00,11234,1279,44,1.837,1.837
2026-03-08T04:26:00.723000+00:00,11234,1279,44,1.841,1.841
2026-03-08T04:26:04.301000+00:00,11234,1279,44,1.808,1.808
2026-03-08T04:26:07.526000+00:00,11234,1279,44,1.753,1.753
2026-03-08T04:26:11.112000+00:00,11234,1279,44,1.727,1.727
2026-03-08T04:26:16.053000+00:00,11234,1279,44,1.784,1.784
2026-03-08T04:26:18.686000+00:00,11234,1279,44,1.822,1.822
2026-03-08T04:26:20.858000+00:00,11234,1279,44,1.832,1.832
2026-03-08T04:26:24.540000+00:00,11234,1279,44,1.796,1.796
2026-03-08T04:26:27.808000+00:00,11234,1279,44,1.802,1.802
2026-03-08T04:26:31.528000+00:00,11234,1279,44,1.811,1.811
2026-03-08T04:26:35.369000+00:00,11234,1279,44,1.78,1.78
2026-03-08T04:26:38.718000+00:00,11234,1279,44,1.738,1.738
2026-03-08T04:26:43.502000+00:00,11234,1279,44,1.674,1.674
2026-03-08T04:26:48.726000+00:00,11234,1279,44,1.573,1.573
2026-03-08T04:26:52.567000+00:00,11234,1279,44,1.54,1.54
2026-03-08T04:26:58.224000+00:00,11234,1279,44,1.538,1.538
2026-03-08T04:27:01.612000+00:00,11234,1279,44,1.635,1.635
2026-03-08T04:27:05.200000+00:00,11234,1279,44,1.693,1.693
2026-03-08T04:27:07.377000+00:00,11234,1279,44,1.741,1.741
2026-03-08T04:27:09.445000+00:00,11234,1279,44,1.771,1.771
2026-03-08T04:27:14.637000+00:00,11234,1279,44,1.816,1.816
2026-03-08T04:27:15.293000+00:00,11234,1279,44,1.817,1.817
2026-03-08T04:27:19.340000+00:00,11234,1279,44,1.873,1.873
2026-03-08T04:27:24.240000+00:00,11234,1279,44,1.646,1.646
2026-03-08T04:27:27.885000+00:00,11234,1279,44,1.565,1.565
2026-03-08T04:27:31.252000+00:00,11234,1279,44,1.558,1.558
2026-03-08T04:27:34.881000+00:00,11234,1279,44,1.462,1.462
2026-03-08T04:27:39.853000+00:00,11234,1279,44,1.472,1.472
2026-03-08T04:27:42.523000+00:00,11234,1279,44,1.535,1.535
2026-03-08T04:27:44.703000+00:00,11234,1279,44,1.659,1.659
2026-03-08T04:27:48.666000+00:00,11234,1279,44,1.779,1.779
2026-03-08T04:27:51.761000+00:00,11234,1279,44,1.785,1.785
2026-03-08T04:27:55.468000+00:00,11234,1279,44,1.751,1.751
2026-03-08T04:27:59.306000+00:00,11234,1279,44,1.633,1.633
2026-03-08T04:28:02.641000+00:00,11234,1279,44,1.503,1.503
2026-03-08T04:28:07.495000+00:00,11234,1279,44,1.545,1.545
2026-03-08T04:28:12.633000+00:00,11234,1279,44,1.521,1.521
2026-03-08T04:28:16.665000+00:00,11234,1279,44,1.441,1.441
2026-03-08T04:28:22.279000+00:00,11234,1279,44,1.424,1.424
2026-03-08T04:28:25.630000+00:00,11234,1279,44,1.486,1.486
2026-03-08T04:28:29.298000+00:00,11234,1279,44,1.558,1.558
2026-03-08T04:28:31.451000+00:00,11234,1279,44,1.604,1.604
2026-03-08T04:28:33.474000+00:00,11234,1279,44,1.572,1.572
2026-03-08T04:28:38.706000+00:00,11234,1279,44,1.521,1.521
2026-03-08T04:28:39.345000+00:00,11234,1279,44,1.506,1.506
2026-03-08T04:28:42.066000+00:00,11234,1279,44,1.435,1.435
2026-03-08T04:28:43.391000+00:00,11234,1279,44,1.384,1.384
2026-03-08T04:28:48.244000+00:00,11234,1279,44,1.393,1.393
2026-03-08T04:28:51.850000+00:00,11234,1279,44,1.415,1.415
2026-03-08T04:28:55.197000+00:00,11234,1279,44,1.437,1.437
2026-03-08T04:28:58.795000+00:00,11234,1279,44,1.457,1.457
2026-03-08T04:29:03.709000+00:00,11234,1279,44,1.492,1.492
2026-03-08T04:29:06.462000+00:00,11234,1279,44,1.588,1.588
2026-03-08T04:29:08.659000+00:00,11234,1279,44,1.746,1.746
2026-03-08T04:29:12.357000+00:00,11234,1279,44,1.811,1.811
2026-03-08T04:29:15.595000+00:00,11234,1279,44,1.774,1.774
2026-03-08T04:29:19.324000+00:00,11234,1279,44,1.742,1.742
2026-03-08T04:29:23.181000+00:00,11234,1279,44,1.651,1.651
2026-03-08T04:29:26.513000+00:00,11234,1279,44,1.559,1.559
2026-03-08T04:29:31.371000+00:00,11234,1279,44,1.64,1.64
2026-03-08T04:29:36.506000+00:00,11234,1279,44,1.639,1.639
2026-03-08T04:29:40.524000+00:00,11234,1279,44,1.61,1.61
2026-03-08T04:29:46.205000+00:00,11234,1279,44,1.645,1.645
2026-03-08T04:29:49.611000+00:00,11234,1279,44,1.739,1.739
2026-03-08T04:29:53.311000+00:00,11234,1279,44,1.619,1.619
2026-03-08T04:29:55.527000+00:00,11234,1279,44,1.546,1.546
2026-03-08T04:29:57.578000+00:00,11234,1279,44,1.513,1.513
2026-03-08T04:30:09.450000+00:00,11234,1279,44,3.659,3.659
2026-03-08T04:30:10.913000+00:00,11234,1279,44,3.501,3.501
2026-03-08T04:30:15.431000+00:00,11234,1279,44,4.029,4.029
2026-03-08T04:30:17.241000+00:00,11234,1279,44,3.923,3.923
2026-03-08T04:30:22.840000+00:00,11234,1279,44,2.259,2.259
2026-03-08T04:30:27.209000+00:00,11234,1279,44,2.042,2.042
2026-03-08T04:30:31.229000+00:00,11234,1279,44,2.18,2.18
2026-03-08T04:30:35.064000+00:00,11234,1279,44,1.544,1.544
2026-03-08T04:30:41.487000+00:00,11234,1279,44,1.36,1.36
2026-03-08T04:30:45.024000+00:00,11234,1279,44,1.819,1.819
2026-03-08T04:30:47.613000+00:00,11234,1279,44,2.183,2.183
2026-03-08T04:30:52.004000+00:00,11234,1279,44,1.781,1.781
2026-03-08T04:30:56.369000+00:00,11234,1279,44,2.265,2.265
2026-03-08T04:31:01.836000+00:00,11234,1279,44,2.636,2.636
2026-03-08T04:31:07.296000+00:00,11234,1279,44,2.265,2.265
2026-03-08T04:31:12.116000+00:00,11234,1279,44,2.104,2.104
2026-03-08T04:31:18.757000+00:00,11234,1279,44,2.197,2.197
2026-03-08T04:31:25.829000+00:00,11234,1279,44,2.272,2.272
2026-03-08T04:31:31.853000+00:00,11234,1279,44,1.899,1.899
2026-03-08T04:31:38.531000+00:00,11234,1279,44,1.515,1.515
2026-03-08T04:31:42.996000+00:00,11234,1279,44,1.666,1.666
2026-03-08T04:31:47.980000+00:00,11234,1279,44,1.562,1.562
2026-03-08T04:31:51.445000+00:00,11234,1279,44,1.966,1.966
2026-03-08T04:31:55.058000+00:00,11234,1279,44,1.998,1.998
2026-03-08T04:32:03.155000+00:00,11234,1279,44,2.935,2.935
2026-03-08T04:32:04.094000+00:00,11234,1279,44,2.948,2.948
2026-03-08T04:32:07.312000+00:00,11234,1279,44,2.716,2.716
2026-03-08T04:32:08.983000+00:00,11234,1279,44,2.615,2.615
2026-03-08T04:32:14.217000+00:00,11234,1279,44,2.002,2.002
2026-03-08T04:32:18.494000+00:00,11234,1279,44,1.863,1.863
2026-03-08T04:32:24.388000+00:00,11234,1279,44,1.894,1.894
2026-03-08T04:32:28.795000+00:00,11234,1279,44,1.772,1.772
2026-03-08T04:32:35.054000+00:00,11234,1279,44,2.301,2.301
2026-03-08T04:32:38.351000+00:00,11234,1279,44,2.062,2.062
2026-03-08T04:32:40.802000+00:00,11234,1279,44,1.803,1.803
2026-03-08T04:32:44.653000+00:00,11234,1279,44,1.25,1.25
2026-03-08T04:32:48.007000+00:00,11234,1279,44,1.279,1.279
2026-03-08T04:32:51.755000+00:00,11234,1279,44,1.286,1.286
2026-03-08T04:32:58.882000+00:00,11234,1279,44,1.223,1.223
2026-03-08T04:33:03.834000+00:00,11234,1279,44,1.181,1.181
2026-03-08T04:33:09.003000+00:00,11234,1279,44,1.152,1.152
2026-03-08T04:33:13.077000+00:00,11234,1279,44,1.18,1.18
2026-03-08T04:33:18.752000+00:00,11234,1279,44,1.177,1.177
2026-03-08T04:33:22.124000+00:00,11234,1279,44,1.303,1.303
2026-03-08T04:33:25.721000+00:00,11234,1279,44,1.396,1.396
2026-03-08T04:33:27.911000+00:00,11234,1279,44,1.445,1.445
2026-03-08T04:33:29.873000+00:00,11234,1279,44,1.409,1.409
2026-03-08T04:33:35.040000+00:00,11234,1279,44,1.406,1.406
2026-03-08T04:33:35.677000+00:00,11234,1279,44,1.402,1.402
2026-03-08T04:33:38.383000+00:00,11234,1279,44,1.392,1.392
2026-03-08T04:33:39.680000+00:00,11234,1279,44,1.403,1.403
2026-03-08T04:33:44.446000+00:00,11234,1279,44,1.396,1.396
2026-03-08T04:33:48.027000+00:00,11234,1279,44,1.392,1.392
2026-03-08T04:33:51.430000+00:00,11234,1279,44,1.449,1.449
2026-03-08T04:33:55.012000+00:00,11234,1279,44,1.451,1.451
2026-03-08T04:33:59.862000+00:00,11234,1279,44,1.416,1.416
2026-03-08T04:34:02.589000+00:00,11234,1279,44,1.449,1.449
2026-03-08T04:34:04.734000+00:00,11234,1279,44,1.472,1.472
2026-03-08T04:34:08.486000+00:00,11234,1279,44,1.442,1.442
2026-03-08T04:34:11.723000+00:00,11234,1279,44,1.477,1.477
2026-03-08T04:34:15.459000+00:00,11234,1279,44,1.486,1.486
2026-03-08T04:34:19.269000+00:00,11234,1279,44,1.453,1.453
2026-03-08T04:34:22.623000+00:00,11234,1279,44,1.407,1.407
2026-03-08T04:34:27.477000+00:00,11234,1279,44,1.505,1.505
2026-03-08T04:34:32.621000+00:00,11234,1279,44,1.493,1.493
2026-03-08T04:34:36.662000+00:00,11234,1279,44,1.508,1.508
2026-03-08T04:34:42.353000+00:00,11234,1279,44,1.484,1.484
2026-03-08T04:34:45.747000+00:00,11234,1279,44,1.615,1.615
2026-03-08T04:34:49.336000+00:00,11234,1279,44,1.676,1.676
2026-03-08T04:34:51.465000+00:00,11234,1279,44,1.685,1.685
2026-03-08T04:34:53.447000+00:00,11234,1279,44,1.673,1.673
2026-03-08T04:34:58.654000+00:00,11234,1279,44,1.694,1.694
2026-03-08T04:34:59.291000+00:00,11234,1279,44,1.697,1.697
2026-03-08T04:35:02.012000+00:00,11234,1279,44,1.714,1.714
2026-03-08T04:35:03.298000+00:00,11234,1279,44,1.718,1.718
2026-03-08T04:35:08.134000+00:00,11234,1279,44,1.695,1.695
2026-03-08T04:35:11.696000+00:00,11234,1279,44,1.674,1.674
2026-03-08T04:35:14.977000+00:00,11234,1279,44,1.682,1.682
2026-03-08T04:35:18.547000+00:00,11234,1279,44,1.635,1.635
2026-03-08T04:35:23.403000+00:00,11234,1279,44,1.622,1.622
2026-03-08T04:35:26.082000+00:00,11234,1279,44,1.628,1.628
2026-03-08T04:35:28.238000+00:00,11234,1279,44,1.622,1.622
2026-03-08T04:35:31.963000+00:00,11234,1279,44,1.638,1.638
2026-03-08T04:35:35.221000+00:00,11234,1279,44,1.702,1.702
2026-03-08T04:35:38.978000+00:00,11234,1279,44,1.722,1.722
2026-03-08T04:35:42.795000+00:00,11234,1279,44,1.705,1.705
2026-03-08T04:35:46.099000+00:00,11234,1279,44,1.679,1.679
2026-03-08T04:35:50.864000+00:00,11234,1279,44,1.772,1.772
2026-03-08T04:35:56.042000+00:00,11234,1279,44,1.751,1.751
2026-03-08T04:36:00.089000+00:00,11234,1279,44,1.805,1.805
2026-03-08T04:36:05.812000+00:00,11234,1279,44,1.788,1.788
2026-03-08T04:36:09.227000+00:00,11234,1279,44,1.824,1.824
2026-03-08T04:36:12.793000+00:00,11234,1279,44,1.871,1.871
2026-03-08T04:36:14.957000+00:00,11234,1279,44,1.87,1.87
2026-03-08T04:36:16.978000+00:00,11234,1279,44,1.828,1.828
2026-03-08T04:36:22.160000+00:00,11234,1279,44,1.795,1.795
2026-03-08T04:36:22.813000+00:00,11234,1279,44,1.79,1.79
2026-03-08T04:36:25.499000+00:00,11234,1279,44,1.758,1.758
2026-03-08T04:36:26.816000+00:00,11234,1279,44,1.747,1.747
2026-03-08T04:36:31.604000+00:00,11234,1279,44,1.658,1.658
2026-03-08T04:36:35.160000+00:00,11234,1279,44,1.64,1.64
2026-03-08T04:36:38.490000+00:00,11234,1279,44,1.667,1.667
2026-03-08T04:36:42.072000+00:00,11234,1279,44,1.636,1.636
2026-03-08T04:36:46.989000+00:00,11234,1279,44,1.661,1.661
2026-03-08T04:36:49.629000+00:00,11234,1279,44,1.654,1.654
2026-03-08T04:36:51.791000+00:00,11234,1279,44,1.622,1.622
2026-03-08T04:36:55.467000+00:00,11234,1279,44,1.558,1.558
2026-03-08T04:36:58.756000+00:00,11234,1279,44,1.588,1.588
2026-03-08T04:37:02.475000+00:00,11234,1279,44,1.612,1.612
2026-03-08T04:37:06.287000+00:00,11234,1279,44,1.655,1.655
2026-03-08T04:37:09.626000+00:00,11234,1279,44,1.704,1.704
2026-03-08T04:37:14.347000+00:00,11234,1279,44,1.743,1.743
2026-03-08T04:37:19.489000+00:00,11234,1279,44,1.666,1.666
2026-03-08T04:37:23.538000+00:00,11234,1279,44,1.624,1.624
2026-03-08T04:37:29.210000+00:00,11234,1279,44,1.616,1.616
2026-03-08T04:37:32.526000+00:00,11234,1279,44,1.654,1.654
2026-03-08T04:37:36.145000+00:00,11234,1279,44,1.73,1.73
2026-03-08T04:37:38.347000+00:00,11234,1279,44,1.756,1.756
2026-03-08T04:37:40.316000+00:00,11234,1279,44,1.718,1.718
2026-03-08T04:37:45.541000+00:00,11234,1279,44,1.704,1.704
2026-03-08T04:37:46.190000+00:00,11234,1279,44,1.696,1.696
2026-03-08T04:37:48.870000+00:00,11234,1279,44,1.664,1.664
2026-03-08T04:37:50.138000+00:00,11234,1279,44,1.608,1.608
2026-03-08T04:37:55.322000+00:00,11234,1279,44,1.971,1.971
2026-03-08T04:37:59.058000+00:00,11234,1279,44,2.087,2.087
2026-03-08T04:38:02.423000+00:00,11234,1279,44,2.118,2.118
2026-03-08T04:38:06.073000+00:00,11234,1279,44,2.125,2.125
2026-03-08T04:38:11.038000+00:00,11234,1279,44,2.177,2.177
2026-03-08T04:38:13.703000+00:00,11234,1279,44,2.146,2.146
2026-03-08T04:38:15.847000+00:00,11234,1279,44,2.103,2.103
2026-03-08T04:38:19.648000+00:00,11234,1279,44,2.156,2.156
2026-03-08T04:38:22.920000+00:00,11234,1279,44,2.19,2.19
2026-03-08T04:38:26.641000+00:00,11234,1279,44,2.204,2.204
2026-03-08T04:38:30.465000+00:00,11234,1279,44,2.186,2.186
2026-03-08T04:38:33.795000+00:00,11234,1279,44,2.161,2.161
2026-03-08T04:38:38.684000+00:00,11234,1279,44,2.173,2.173
2026-03-08T04:38:43.808000+00:00,11234,1279,44,2.113,2.113
2026-03-08T04:38:47.817000+00:00,11234,1279,44,2.184,2.184
2026-03-08T04:38:56.804000+00:00,11234,1279,44,2.232,2.232
2026-03-08T04:39:00.425000+00:00,11234,1279,44,2.34,2.34
2026-03-08T04:39:02.607000+00:00,11234,1279,44,2.366,2.366
2026-03-08T04:39:04.654000+00:00,11234,1279,44,2.359,2.359
2026-03-08T04:39:09.860000+00:00,11234,1279,44,2.365,2.365
2026-03-08T04:39:13.197000+00:00,11234,1279,44,2.364,2.364
2026-03-08T04:39:14.521000+00:00,11234,1279,44,2.359,2.359
2026-03-08T04:39:19.355000+00:00,11234,1279,44,2.276,2.276
2026-03-08T04:39:22.942000+00:00,11234,1279,44,2.202,2.202
2026-03-08T04:39:26.275000+00:00,11234,1279,44,2.197,2.197
2026-03-08T04:39:29.907000+00:00,11234,1279,44,2.188,2.188
2026-03-08T04:39:34.781000+00:00,11234,1279,44,2.174,2.174
2026-03-08T04:39:37.504000+00:00,11234,1279,44,2.156,2.156
2026-03-08T04:39:39.601000+00:00,11234,1279,44,2.136,2.136
2026-03-08T04:39:43.347000+00:00,11234,1279,44,2.163,2.163
2026-03-08T04:39:46.626000+00:00,11234,1279,44,2.211,2.211
2026-03-08T04:39:50.345000+00:00,11234,1279,44,2.225,2.225
2026-03-08T04:39:54.172000+00:00,11234,1279,44,2.208,2.208
2026-03-08T04:39:57.516000+00:00,11234,1279,44,2.179,2.179
2026-03-08T04:40:02.271000+00:00,11234,1279,44,2.172,2.172
2026-03-08T04:40:07.421000+00:00,11234,1279,44,2.146,2.146
2026-03-08T04:40:11.473000+00:00,11234,1279,44,2.271,2.271
2026-03-08T04:40:17.187000+00:00,11234,1279,44,2.181,2.181
2026-03-08T04:40:20.528000+00:00,11234,1279,44,2.21,2.21
2026-03-08T04:40:24.100000+00:00,11234,1279,44,2.246,2.246
2026-03-08T04:40:26.305000+00:00,11234,1279,44,2.296,2.296
2026-03-08T04:40:34.194000+00:00,11234,1279,44,0.0,0.0
2026-03-08T04:40:34.196000+00:00,11234,1279,44,0.0,0.0
2026-03-08T04:41:58.281000+00:00,11234,1279,44,0.0,0.0
2026-03-08T04:43:22.045000+00:00,11234,1279,44,0.0,0.0
2026-03-08T04:44:14.516000+00:00,11234,1279,44,0.311,0.311
2026-03-08T04:44:19.748000+00:00,11234,1279,44,0.305,0.305
2026-03-08T04:44:23.945000+00:00,11234,1279,44,0.387,0.387
2026-03-08T04:44:29.827000+00:00,11234,1279,44,0.598,0.598
2026-03-08T04:44:33.331000+00:00,11234,1279,44,0.761,0.761
2026-03-08T04:44:36.999000+00:00,11234,1279,44,0.698,0.698
2026-03-08T04:44:39.197000+00:00,11234,1279,44,0.645,0.645
2026-03-08T04:45:08.056000+00:00,11234,1279,44,3.855,19.164
2026-03-08T04:45:09.843000+00:00,11234,1279,44,4.287,19.607
2026-03-08T04:45:16.028000+00:00,11234,1279,44,5.734,21.086
2026-03-08T04:45:19.729000+00:00,11234,1279,44,5.921,21.266
2026-03-08T04:45:23.152000+00:00,11234,1279,44,6.079,21.369
2026-03-08T04:45:26.886000+00:00,11234,1279,44,6.212,21.406
2026-03-08T04:45:31.726000+00:00,11234,1279,44,6.242,21.389
2026-03-08T04:45:34.430000+00:00,11234,1279,44,6.218,21.354
2026-03-08T04:45:36.415000+00:00,11234,1279,44,6.121,21.328
2026-03-08T04:45:40.016000+00:00,11234,1279,44,6.073,21.277
2026-03-08T04:45:43.293000+00:00,11234,1279,44,6.135,21.311
2026-03-08T04:45:47.093000+00:00,11234,1279,44,6.175,21.259
2026-03-08T04:45:50.934000+00:00,11234,1279,44,6.207,21.194
2026-03-08T04:45:54.321000+00:00,11234,1279,44,6.242,21.185
2026-03-08T04:45:59.264000+00:00,11234,1279,44,6.381,21.367
2026-03-08T04:46:04.383000+00:00,11234,1279,44,6.347,21.446
2026-03-08T04:46:08.442000+00:00,11234,1279,44,6.378,21.616
2026-03-08T04:46:13.980000+00:00,11234,1279,44,6.241,21.433
2026-03-08T04:46:17.312000+00:00,11234,1279,44,6.296,21.383
2026-03-08T04:46:20.878000+00:00,11234,1279,44,6.338,21.235
2026-03-08T04:46:22.955000+00:00,11234,1279,44,6.301,21.107
2026-03-08T04:46:24.940000+00:00,11234,1279,44,6.256,20.994
2026-03-08T04:46:30.099000+00:00,11234,1279,44,6.238,20.919
2026-03-08T04:46:30.744000+00:00,11234,1279,44,6.25,20.92
2026-03-08T04:46:33.522000+00:00,11234,1279,44,6.313,20.931
2026-03-08T04:46:34.847000+00:00,11234,1279,44,6.332,20.861
2026-03-08T04:46:39.596000+00:00,11234,1279,44,6.335,20.837
2026-03-08T04:46:43.180000+00:00,11234,1279,44,6.365,20.912
2026-03-08T04:46:46.558000+00:00,11234,1279,44,6.461,21.01
2026-03-08T04:46:50.081000+00:00,11234,1279,44,6.419,20.859
2026-03-08T04:46:54.847000+00:00,11234,1279,44,6.361,20.809
2026-03-08T04:46:57.639000+00:00,11234,1279,44,6.448,20.957
2026-03-08T04:46:59.822000+00:00,11234,1279,44,6.513,21.122
2026-03-08T04:47:03.554000+00:00,11234,1279,44,6.495,21.146
2026-03-08T04:47:06.753000+00:00,11234,1279,44,6.517,21.17
2026-03-08T04:47:10.507000+00:00,11234,1279,44,6.554,21.192
2026-03-08T04:47:14.421000+00:00,11234,1279,44,6.608,21.215
2026-03-08T04:47:17.831000+00:00,11234,1279,44,6.663,21.265
2026-03-08T04:47:22.670000+00:00,11234,1279,44,6.805,21.426
2026-03-08T04:47:27.886000+00:00,11234,1279,44,6.814,21.522
2026-03-08T04:47:31.855000+00:00,11234,1279,44,6.915,21.708
2026-03-08T04:47:37.392000+00:00,11234,1279,44,6.746,21.561
2026-03-08T04:47:40.738000+00:00,11234,1279,44,6.775,21.553
2026-03-08T04:47:44.292000+00:00,11234,1279,44,6.782,21.386
2026-03-08T04:47:46.478000+00:00,11234,1279,44,6.736,21.327
2026-03-08T04:47:48.400000+00:00,11234,1279,44,6.677,21.201
2026-03-08T04:47:53.549000+00:00,11234,1279,44,6.68,21.124
2026-03-08T04:47:54.222000+00:00,11234,1279,44,6.698,21.122
2026-03-08T04:47:57.016000+00:00,11234,1279,44,6.793,21.132
2026-03-08T04:47:58.300000+00:00,11234,1279,44,6.84,21.12
2026-03-08T04:48:03.093000+00:00,11234,1279,44,6.836,21.113
2026-03-08T04:48:06.660000+00:00,11234,1279,44,6.838,21.169
2026-03-08T04:48:09.951000+00:00,11234,1279,44,6.795,21.203
2026-03-08T04:48:13.465000+00:00,11234,1279,44,6.728,21.052
2026-03-08T04:48:18.256000+00:00,11234,1279,44,6.664,21.006
2026-03-08T04:48:20.994000+00:00,11234,1279,44,6.766,21.116
2026-03-08T04:48:23.277000+00:00,11234,1279,44,6.875,21.282
2026-03-08T04:48:27.012000+00:00,11234,1279,44,6.975,21.395
2026-03-08T04:48:30.221000+00:00,11234,1279,44,6.989,21.419
2026-03-08T04:48:33.927000+00:00,11234,1279,44,7.006,21.423
2026-03-08T04:48:37.757000+00:00,11234,1279,44,7.01,21.426
2026-03-08T04:48:41.130000+00:00,11234,1279,44,7.006,21.463
2026-03-08T04:48:45.906000+00:00,11234,1279,44,7.059,21.462
2026-03-08T04:48:51.039000+00:00,11234,1279,44,7.028,21.539
2026-03-08T04:48:55.023000+00:00,11234,1279,44,6.99,21.58
2026-03-08T04:49:00.622000+00:00,11234,1279,44,6.974,21.546
2026-03-08T04:49:03.892000+00:00,11234,1279,44,7.009,21.467
2026-03-08T04:49:07.465000+00:00,11234,1279,44,7.038,21.331
2026-03-08T04:49:09.615000+00:00,11234,1279,44,7.015,21.249
2026-03-08T04:49:11.634000+00:00,11234,1279,44,6.97,21.165
2026-03-08T04:49:16.710000+00:00,11234,1279,44,6.895,21.108
2026-03-08T04:49:17.369000+00:00,11234,1279,44,6.893,21.104
2026-03-08T04:49:20.024000+00:00,11234,1279,44,6.891,21.089
2026-03-08T04:49:21.321000+00:00,11234,1279,44,6.884,21.037
2026-03-08T04:49:26.054000+00:00,11234,1279,44,6.788,21.004
2026-03-08T04:49:29.645000+00:00,11234,1279,44,6.796,21.067
2026-03-08T04:49:33.012000+00:00,11234,1279,44,6.886,21.081
2026-03-08T04:49:36.516000+00:00,11234,1279,44,6.869,20.913
2026-03-08T04:49:41.306000+00:00,11234,1279,44,6.804,20.878
2026-03-08T04:49:44.086000+00:00,11234,1279,44,6.916,21.028
2026-03-08T04:49:46.325000+00:00,11234,1279,44,6.99,21.209
2026-03-08T04:49:50.093000+00:00,11234,1279,44,7.032,21.261
2026-03-08T04:49:53.317000+00:00,11234,1279,44,7.018,21.256
2026-03-08T04:49:57.005000+00:00,11234,1279,44,7.03,21.265
2026-03-08T04:50:00.857000+00:00,11234,1279,44,7.035,21.275
2026-03-08T04:50:04.245000+00:00,11234,1279,44,7.046,21.346
2026-03-08T04:50:09.056000+00:00,11234,1279,44,7.064,20.973
2026-03-08T04:50:14.141000+00:00,11234,1279,44,7.071,21.038
2026-03-08T04:50:18.112000+00:00,11234,1279,44,7.179,21.116
2026-03-08T04:50:23.661000+00:00,11234,1279,44,7.006,21.003
2026-03-08T04:50:26.990000+00:00,11234,1279,44,7.073,20.947
2026-03-08T04:50:30.541000+00:00,11234,1279,44,7.119,20.83
2026-03-08T04:50:32.729000+00:00,11234,1279,44,7.169,20.832
2026-03-08T04:50:34.757000+00:00,11234,1279,44,7.156,20.826
2026-03-08T04:50:39.876000+00:00,11234,1279,44,7.124,20.765
2026-03-08T04:50:40.544000+00:00,11234,1279,44,7.131,20.749
2026-03-08T04:50:43.202000+00:00,11234,1279,44,7.166,20.675
2026-03-08T04:50:44.523000+00:00,11234,1279,44,7.167,20.668
2026-03-08T04:50:49.319000+00:00,11234,1279,44,7.173,20.749
2026-03-08T04:50:52.930000+00:00,11234,1279,44,7.187,20.819
2026-03-08T04:50:56.245000+00:00,11234,1279,44,7.206,20.843
2026-03-08T04:50:59.810000+00:00,11234,1279,44,7.169,20.602
2026-03-08T04:51:04.713000+00:00,11234,1279,44,7.17,20.625
2026-03-08T04:51:07.447000+00:00,11234,1279,44,7.209,20.735
2026-03-08T04:51:09.600000+00:00,11234,1279,44,7.242,20.886
2026-03-08T04:51:13.348000+00:00,11234,1279,44,7.265,21.004
2026-03-08T04:51:16.580000+00:00,11234,1279,44,7.284,21.044
2026-03-08T04:51:20.294000+00:00,11234,1279,44,7.302,21.04
2026-03-08T04:51:24.118000+00:00,11234,1279,44,7.309,20.997
2026-03-08T04:51:27.597000+00:00,11234,1279,44,7.416,21.065
2026-03-08T04:51:32.363000+00:00,11234,1279,44,7.448,21.044
2026-03-08T04:51:37.572000+00:00,11234,1279,44,7.48,21.102
2026-03-08T04:51:41.589000+00:00,11234,1279,44,7.531,21.121
2026-03-08T04:51:47.116000+00:00,11234,1279,44,7.498,20.971
2026-03-08T04:51:50.408000+00:00,11234,1279,44,7.465,20.955
2026-03-08T04:51:54.036000+00:00,11234,1279,44,7.564,20.658
2026-03-08T04:51:56.246000+00:00,11234,1279,44,7.574,20.539
2026-03-08T04:51:58.280000+00:00,11234,1279,44,7.553,20.514
2026-03-08T04:52:03.607000+00:00,11234,1279,44,7.68,20.657
2026-03-08T04:52:04.513000+00:00,11234,1279,44,7.732,20.686
2026-03-08T04:52:07.188000+00:00,11234,1279,44,7.951,20.801
2026-03-08T04:52:08.778000+00:00,11234,1279,44,7.969,20.81
2026-03-08T04:52:13.354000+00:00,11234,1279,44,7.91,20.821
2026-03-08T04:52:16.933000+00:00,11234,1279,44,7.959,20.899
2026-03-08T04:52:20.254000+00:00,11234,1279,44,8.039,20.955
2026-03-08T04:52:24.627000+00:00,11234,1279,44,8.744,21.579
2026-03-08T04:52:33.064000+00:00,11234,1279,44,12.295,25.185
2026-03-08T04:52:37.127000+00:00,11234,1279,44,13.499,26.584
2026-03-08T04:52:39.926000+00:00,11234,1279,44,11.715,27.314
2026-03-08T04:52:44.700000+00:00,11234,1279,44,10.015,28.348
2026-03-08T04:52:49.123000+00:00,11234,1279,44,10.692,29.585
2026-03-08T04:52:54.368000+00:00,11234,1279,44,10.305,31.066
2026-03-08T04:52:59.796000+00:00,11234,1279,44,8.039,28.281
2026-03-08T04:53:04.197000+00:00,11234,1279,44,6.975,26.662
2026-03-08T04:53:10.160000+00:00,11234,1279,44,7.361,25.28
2026-03-08T04:53:16.327000+00:00,11234,1279,44,8.239,26.114
2026-03-08T04:53:20.211000+00:00,11234,1279,44,7.93,25.792
2026-03-08T04:53:25.880000+00:00,11234,1279,44,7.852,23.73
2026-03-08T04:53:29.194000+00:00,11234,1279,44,7.841,23.029
2026-03-08T04:53:32.741000+00:00,11234,1279,44,7.834,22.482
2026-03-08T04:53:34.871000+00:00,11234,1279,44,7.826,21.619
2026-03-08T04:53:36.895000+00:00,11234,1279,44,7.755,21.423
2026-03-08T04:53:41.986000+00:00,11234,1279,44,7.577,21.426
2026-03-08T04:53:42.628000+00:00,11234,1279,44,7.531,21.409
2026-03-08T04:53:45.226000+00:00,11234,1279,44,7.286,21.307
2026-03-08T04:53:46.487000+00:00,11234,1279,44,7.186,21.23
2026-03-08T04:53:51.280000+00:00,11234,1279,44,7.066,21.238
2026-03-08T04:53:54.878000+00:00,11234,1279,44,7.113,21.309
2026-03-08T04:53:58.311000+00:00,11234,1279,44,7.333,21.354
2026-03-08T04:54:01.915000+00:00,11234,1279,44,7.321,21.29
2026-03-08T04:54:06.790000+00:00,11234,1279,44,7.285,21.309
2026-03-08T04:54:09.519000+00:00,11234,1279,44,7.279,21.388
2026-03-08T04:54:11.666000+00:00,11234,1279,44,7.276,21.462
2026-03-08T04:54:15.436000+00:00,11234,1279,44,7.281,21.519
2026-03-08T04:54:18.659000+00:00,11234,1279,44,7.269,21.532
2026-03-08T04:54:22.340000+00:00,11234,1279,44,7.247,21.508
2026-03-08T04:54:26.136000+00:00,11234,1279,44,7.2,21.428
2026-03-08T04:54:29.428000+00:00,11234,1279,44,7.155,21.352
2026-03-08T04:54:34.254000+00:00,11234,1279,44,7.194,21.52
2026-03-08T04:54:39.397000+00:00,11234,1279,44,7.163,21.598
2026-03-08T04:54:43.290000+00:00,11234,1279,44,7.118,21.586
2026-03-08T04:54:49.006000+00:00,11234,1279,44,7.153,21.706
2026-03-08T04:54:52.404000+00:00,11234,1279,44,7.242,21.8
2026-03-08T04:54:55.990000+00:00,11234,1279,44,7.33,21.658
2026-03-08T04:54:58.167000+00:00,11234,1279,44,7.348,21.68
2026-03-08T04:55:00.160000+00:00,11234,1279,44,7.326,21.705
2026-03-08T04:55:05.294000+00:00,11234,1279,44,7.302,21.723
2026-03-08T04:55:05.939000+00:00,11234,1279,44,7.306,21.709
2026-03-08T04:55:08.639000+00:00,11234,1279,44,7.304,21.627
2026-03-08T04:55:09.900000+00:00,11234,1279,44,7.296,21.632
2026-03-08T04:55:14.746000+00:00,11234,1279,44,7.222,21.765
2026-03-08T04:55:18.336000+00:00,11234,1279,44,7.219,21.831
2026-03-08T04:55:21.613000+00:00,11234,1279,44,7.23,21.863
2026-03-08T04:55:25.225000+00:00,11234,1279,44,7.207,21.812
2026-03-08T04:55:30.105000+00:00,11234,1279,44,7.211,21.846
2026-03-08T04:55:32.873000+00:00,11234,1279,44,7.222,21.939
2026-03-08T04:55:35.005000+00:00,11234,1279,44,7.241,22.032
2026-03-08T04:55:38.777000+00:00,11234,1279,44,7.203,22.068
2026-03-08T04:55:42+00:00,11234,1279,44,7.189,22.105
2026-03-08T04:55:45.675000+00:00,11234,1279,44,7.166,22.103
2026-03-08T04:55:49.471000+00:00,11234,1279,44,7.065,22.058
2026-03-08T04:55:52.807000+00:00,11234,1279,44,7.057,22.008
2026-03-08T04:55:57.618000+00:00,11234,1279,44,6.845,22.145
2026-03-08T04:56:02.782000+00:00,11234,1279,44,6.67,22.277
2026-03-08T04:56:06.745000+00:00,11234,1279,44,6.427,22.315
2026-03-08T04:56:12.364000+00:00,11234,1279,44,6.331,22.379
2026-03-08T04:56:15.687000+00:00,11234,1279,44,6.272,22.502
2026-03-08T04:56:19.289000+00:00,11234,1279,44,6.291,22.436
2026-03-08T04:56:21.453000+00:00,11234,1279,44,6.3,22.422
2026-03-08T04:56:23.460000+00:00,11234,1279,44,6.252,22.373
2026-03-08T04:56:28.630000+00:00,11234,1279,44,6.275,22.344
2026-03-08T04:56:29.251000+00:00,11234,1279,44,6.268,22.318
2026-03-08T04:56:31.935000+00:00,11234,1279,44,6.235,22.194
2026-03-08T04:56:33.206000+00:00,11234,1279,44,6.182,22.172
2026-03-08T04:56:38.078000+00:00,11234,1279,44,6.19,22.304
2026-03-08T04:56:41.651000+00:00,11234,1279,44,6.178,22.353
2026-03-08T04:56:44.966000+00:00,11234,1279,44,6.2,22.377
2026-03-08T04:56:48.544000+00:00,11234,1279,44,6.13,22.276
2026-03-08T04:56:53.427000+00:00,11234,1279,44,6.141,22.325
2026-03-08T04:56:56.096000+00:00,11234,1279,44,6.161,22.395
2026-03-08T04:56:58.270000+00:00,11234,1279,44,6.19,22.465
2026-03-08T04:57:01.999000+00:00,11234,1279,44,6.141,22.482
2026-03-08T04:57:05.245000+00:00,11234,1279,44,6.148,22.53
2026-03-08T04:57:08.948000+00:00,11234,1279,44,6.132,22.531
2026-03-08T04:57:12.692000+00:00,11234,1279,44,6.068,22.462
2026-03-08T04:57:15.979000+00:00,11234,1279,44,6.004,22.39
2026-03-08T04:57:20.929000+00:00,11234,1279,44,6.123,22.624
2026-03-08T04:57:26.089000+00:00,11234,1279,44,6.111,22.717
2026-03-08T04:57:29.967000+00:00,11234,1279,44,6.04,22.688
2026-03-08T04:57:35.532000+00:00,11234,1279,44,6.028,22.735
2026-03-08T04:57:38.868000+00:00,11234,1279,44,6.074,22.774
2026-03-08T04:57:42.426000+00:00,11234,1279,44,6.124,22.579
2026-03-08T04:57:44.559000+00:00,11234,1279,44,6.119,22.553
2026-03-08T04:57:46.604000+00:00,11234,1279,44,6.125,22.561
2026-03-08T04:57:51.741000+00:00,11234,1279,44,6.119,22.576
2026-03-08T04:57:52.358000+00:00,11234,1279,44,6.118,22.565
2026-03-08T04:57:55.036000+00:00,11234,1279,44,6.113,22.501
2026-03-08T04:57:56.312000+00:00,11234,1279,44,6.096,22.452
2026-03-08T04:58:01.066000+00:00,11234,1279,44,6.062,22.423
2026-03-08T04:58:04.578000+00:00,11234,1279,44,6.054,22.432
2026-03-08T04:58:07.835000+00:00,11234,1279,44,6.077,22.414
2026-03-08T04:58:11.407000+00:00,11234,1279,44,6.085,22.269
2026-03-08T04:58:16.270000+00:00,11234,1279,44,6.122,22.308
2026-03-08T04:58:18.945000+00:00,11234,1279,44,6.133,22.342
2026-03-08T04:58:21.088000+00:00,11234,1279,44,6.169,22.405
2026-03-08T04:58:24.815000+00:00,11234,1279,44,6.238,22.408
2026-03-08T04:58:28.028000+00:00,11234,1279,44,6.241,22.416
2026-03-08T04:58:31.721000+00:00,11234,1279,44,6.242,22.409
2026-03-08T04:58:35.536000+00:00,11234,1279,44,6.235,22.381
2026-03-08T04:58:38.913000+00:00,11234,1279,44,6.246,22.376
2026-03-08T04:58:43.688000+00:00,11234,1279,44,6.264,22.522
2026-03-08T04:58:48.776000+00:00,11234,1279,44,6.181,22.58
2026-03-08T04:58:52.590000+00:00,11234,1279,44,6.058,22.478
2026-03-08T04:58:58.181000+00:00,11234,1279,44,6.042,22.498
2026-03-08T04:59:01.548000+00:00,11234,1279,44,6.153,22.579
2026-03-08T04:59:05.129000+00:00,11234,1279,44,6.249,22.416
2026-03-08T04:59:07.278000+00:00,11234,1279,44,6.264,22.378
2026-03-08T04:59:09.288000+00:00,11234,1279,44,6.271,22.357
2026-03-08T04:59:14.396000+00:00,11234,1279,44,6.231,22.396
2026-03-08T04:59:15.072000+00:00,11234,1279,44,6.227,22.39
2026-03-08T04:59:17.710000+00:00,11234,1279,44,6.206,22.359
2026-03-08T04:59:18.987000+00:00,11234,1279,44,6.164,22.328
2026-03-08T04:59:23.753000+00:00,11234,1279,44,6.096,22.352
2026-03-08T04:59:27.281000+00:00,11234,1279,44,6.105,22.4
2026-03-08T04:59:30.522000+00:00,11234,1279,44,6.085,22.344
2026-03-08T04:59:34.032000+00:00,11234,1279,44,6.011,22.167
2026-03-08T04:59:38.873000+00:00,11234,1279,44,6.026,22.142
2026-03-08T04:59:41.490000+00:00,11234,1279,44,6.006,22.164
2026-03-08T04:59:43.612000+00:00,11234,1279,44,6.0,22.199
2026-03-08T04:59:47.301000+00:00,11234,1279,44,5.978,22.163
2026-03-08T04:59:50.495000+00:00,11234,1279,44,5.98,22.19
2026-03-08T04:59:54.199000+00:00,11234,1279,44,5.996,22.21
2026-03-08T04:59:58.020000+00:00,11234,1279,44,6.021,22.211
2026-03-08T05:00:01.377000+00:00,11234,1279,44,6.072,22.222
2026-03-08T05:00:06.132000+00:00,11234,1279,44,6.092,22.322
2026-03-08T05:00:11.259000+00:00,11234,1279,44,6.144,22.388
2026-03-08T05:00:15.167000+00:00,11234,1279,44,6.177,22.429
2026-03-08T05:00:20.751000+00:00,11234,1279,44,6.108,22.43
2026-03-08T05:00:24.043000+00:00,11234,1279,44,6.023,22.459
2026-03-08T05:00:27.583000+00:00,11234,1279,44,6.022,22.231
2026-03-08T05:00:29.777000+00:00,11234,1279,44,6.059,22.213
2026-03-08T05:00:31.787000+00:00,11234,1279,44,6.051,22.153
2026-03-08T05:00:36.946000+00:00,11234,1279,44,6.035,22.189
2026-03-08T05:00:37.633000+00:00,11234,1279,44,,22.188
2026-03-08T05:00:40.268000+00:00,11234,1279,44,6.036,22.169
2026-03-08T05:00:41.615000+00:00,11234,1279,44,,22.141
2026-03-08T05:00:46.308000+00:00,11234,1279,44,5.97,22.162
2026-03-08T05:00:49.859000+00:00,11234,1279,44,5.953,22.206
2026-03-08T05:00:53.126000+00:00,11234,1279,44,5.952,22.15
2026-03-08T05:00:56.674000+00:00,11234,1279,44,5.904,21.965
2026-03-08T05:01:01.571000+00:00,11234,1279,44,5.955,22.035
2026-03-08T05:01:04.256000+00:00,11234,1279,44,5.938,22.067
2026-03-08T05:01:06.334000+00:00,11234,1279,44,5.925,22.099
2026-03-08T05:01:10.015000+00:00,11234,1279,44,5.911,22.109
2026-03-08T05:01:13.252000+00:00,11234,1279,44,5.922,22.117
2026-03-08T05:01:16.912000+00:00,11234,1279,44,5.917,22.124
2026-03-08T05:01:20.744000+00:00,11234,1279,44,5.893,
2026-03-08T05:01:24.073000+00:00,11234,1279,44,5.87,22.126
2026-03-08T05:01:28.862000+00:00,11234,1279,44,5.889,22.227
2026-03-08T05:01:33.884000+00:00,11234,1279,44,5.858,22.216
2026-03-08T05:01:37.708000+00:00,11234,1279,44,5.661,22.166
2026-03-08T05:01:43.327000+00:00,11234,1279,44,5.592,22.133
2026-03-08T05:01:46.585000+00:00,11234,1279,44,5.64,22.087
2026-03-08T05:01:50.148000+00:00,11234,1279,44,5.668,21.863
2026-03-08T05:01:52.322000+00:00,11234,1279,44,5.716,21.883
2026-03-08T05:01:54.369000+00:00,11234,1279,44,5.702,21.837
2026-03-08T05:01:59.493000+00:00,11234,1279,44,5.665,21.832
2026-03-08T05:02:00.160000+00:00,11234,1279,44,5.655,21.823
2026-03-08T05:02:02.772000+00:00,11234,1279,44,5.613,21.773
2026-03-08T05:02:04.061000+00:00,11234,1279,44,5.609,21.756
2026-03-08T05:02:08.939000+00:00,11234,1279,44,5.693,21.825
2026-03-08T05:02:12.454000+00:00,11234,1279,44,5.705,21.872
2026-03-08T05:02:15.676000+00:00,11234,1279,44,5.681,21.802
2026-03-08T05:02:19.202000+00:00,11234,1279,44,5.607,21.585
2026-03-08T05:02:24.063000+00:00,11234,1279,44,5.634,21.617
2026-03-08T05:02:26.742000+00:00,11234,1279,44,5.623,21.658
2026-03-08T05:02:28.866000+00:00,11234,1279,44,5.617,21.703
2026-03-08T05:02:32.563000+00:00,11234,1279,44,5.627,21.714
2026-03-08T05:02:35.734000+00:00,11234,1279,44,5.633,21.719
2026-03-08T05:02:39.417000+00:00,11234,1279,44,5.624,21.732
2026-03-08T05:02:43.211000+00:00,11234,1279,44,5.552,21.703
2026-03-08T05:02:46.477000+00:00,11234,1279,44,5.464,21.666
2026-03-08T05:02:51.241000+00:00,11234,1279,44,5.487,21.701
2026-03-08T05:02:56.279000+00:00,11234,1279,44,5.377,21.736
2026-03-08T05:03:00.156000+00:00,11234,1279,44,5.27,21.696
2026-03-08T05:03:05.912000+00:00,11234,1279,44,5.326,21.694
2026-03-08T05:03:09.265000+00:00,11234,1279,44,5.378,21.676
2026-03-08T05:03:12.819000+00:00,11234,1279,44,5.4,21.46
2026-03-08T05:03:14.957000+00:00,11234,1279,44,5.408,21.432
2026-03-08T05:03:16.977000+00:00,11234,1279,44,5.39,21.367
2026-03-08T05:03:22.139000+00:00,11234,1279,44,5.324,21.395
2026-03-08T05:03:22.786000+00:00,11234,1279,44,5.308,21.398
2026-03-08T05:03:25.472000+00:00,11234,1279,44,5.239,21.413
2026-03-08T05:03:26.791000+00:00,11234,1279,44,5.252,21.412
2026-03-08T05:03:31.573000+00:00,11234,1279,44,5.28,21.387
2026-03-08T05:03:35.095000+00:00,11234,1279,44,5.272,21.425
2026-03-08T05:03:38.338000+00:00,11234,1279,44,5.262,21.295
2026-03-08T05:03:41.890000+00:00,11234,1279,44,5.212,21.059
2026-03-08T05:03:46.800000+00:00,11234,1279,44,5.261,21.089
2026-03-08T05:03:49.440000+00:00,11234,1279,44,5.251,21.133
2026-03-08T05:03:51.566000+00:00,11234,1279,44,5.246,21.172
2026-03-08T05:03:55.245000+00:00,11234,1279,44,5.261,21.156
2026-03-08T05:03:58.433000+00:00,11234,1279,44,5.278,21.164
2026-03-08T05:04:02.170000+00:00,11234,1279,44,5.279,21.181
2026-03-08T05:04:05.973000+00:00,11234,1279,44,5.265,21.192
2026-03-08T05:04:09.315000+00:00,11234,1279,44,5.242,21.211
2026-03-08T05:04:14.060000+00:00,11234,1279,44,,21.267
2026-03-08T05:04:19.096000+00:00,11234,1279,44,5.151,21.298
2026-03-08T05:04:22.986000+00:00,11234,1279,44,5.085,21.236
2026-03-08T05:04:28.738000+00:00,11234,1279,44,5.07,21.269
2026-03-08T05:04:31.926000+00:00,11234,1279,44,5.079,21.247
2026-03-08T05:04:35.464000+00:00,11234,1279,44,5.055,21.089
2026-03-08T05:04:37.613000+00:00,11234,1279,44,5.123,21.065
2026-03-08T05:04:39.617000+00:00,11234,1279,44,5.106,20.961
2026-03-08T05:04:44.770000+00:00,11234,1279,44,5.097,20.985
2026-03-08T05:04:45.420000+00:00,11234,1279,44,5.098,20.98
2026-03-08T05:04:48.094000+00:00,11234,1279,44,5.109,20.954
2026-03-08T05:04:49.455000+00:00,11234,1279,44,5.101,20.926
2026-03-08T05:04:54.150000+00:00,11234,1279,44,5.058,20.942
2026-03-08T05:04:57.630000+00:00,11234,1279,44,5.029,20.982
2026-03-08T05:05:00.828000+00:00,11234,1279,44,4.972,20.9
2026-03-08T05:05:04.391000+00:00,11234,1279,44,4.951,20.74
2026-03-08T05:05:09.324000+00:00,11234,1279,44,4.948,20.751
2026-03-08T05:05:11.943000+00:00,11234,1279,44,4.942,20.794
2026-03-08T05:05:14.064000+00:00,11234,1279,44,4.946,20.849
2026-03-08T05:05:17.733000+00:00,11234,1279,44,4.969,20.835
2026-03-08T05:05:20.929000+00:00,11234,1279,44,4.985,20.866
2026-03-08T05:05:24.648000+00:00,11234,1279,44,4.993,20.887
2026-03-08T05:05:28.436000+00:00,11234,1279,44,4.975,20.902
2026-03-08T05:05:31.807000+00:00,11234,1279,44,4.964,20.937
2026-03-08T05:05:36.577000+00:00,11234,1279,44,4.978,21.04
2026-03-08T05:05:41.644000+00:00,11234,1279,44,4.968,21.108
2026-03-08T05:05:45.509000+00:00,11234,1279,44,4.897,21.007
2026-03-08T05:05:51.156000+00:00,11234,1279,44,4.846,20.925
2026-03-08T05:05:54.408000+00:00,11234,1279,44,4.841,20.894
2026-03-08T05:05:57.992000+00:00,11234,1279,44,4.85,20.765
2026-03-08T05:06:00.136000+00:00,11234,1279,44,4.903,20.732
2026-03-08T05:06:02.144000+00:00,11234,1279,44,4.915,20.612
2026-03-08T05:06:07.355000+00:00,11234,1279,44,4.908,20.645
2026-03-08T05:06:07.985000+00:00,11234,1279,44,4.907,20.646
2026-03-08T05:06:11.943000+00:00,11234,1279,44,4.927,20.626
2026-03-08T05:06:16.704000+00:00,11234,1279,44,4.788,20.643
2026-03-08T05:06:20.233000+00:00,11234,1279,44,4.716,20.683
2026-03-08T05:06:23.457000+00:00,11234,1279,44,4.697,20.588
2026-03-08T05:06:27.078000+00:00,11234,1279,44,4.673,20.458
2026-03-08T05:06:31.947000+00:00,11234,1279,44,4.691,20.49
2026-03-08T05:06:34.645000+00:00,11234,1279,44,4.676,20.519
2026-03-08T05:06:36.774000+00:00,11234,1279,44,4.665,20.551
2026-03-08T05:06:40.436000+00:00,11234,1279,44,4.668,20.559
2026-03-08T05:06:43.623000+00:00,11234,1279,44,4.693,20.582
2026-03-08T05:06:47.317000+00:00,11234,1279,44,4.7,20.599
2026-03-08T05:06:51.116000+00:00,11234,1279,44,4.698,20.612
2026-03-08T05:06:54.503000+00:00,11234,1279,44,4.71,20.65
2026-03-08T05:06:59.302000+00:00,11234,1279,44,4.793,20.749
2026-03-08T05:07:04.399000+00:00,11234,1279,44,4.796,20.784
2026-03-08T05:07:08.235000+00:00,11234,1279,44,4.75,20.745
2026-03-08T05:07:13.996000+00:00,11234,1279,44,4.726,20.868
2026-03-08T05:07:17.299000+00:00,11234,1279,44,4.714,20.875
2026-03-08T05:07:20.850000+00:00,11234,1279,44,4.696,20.711
2026-03-08T05:07:23.032000+00:00,11234,1279,44,4.671,20.647
2026-03-08T05:07:25.004000+00:00,11234,1279,44,4.622,20.587
2026-03-08T05:07:30.169000+00:00,11234,1279,44,4.648,20.632
2026-03-08T05:07:30.880000+00:00,11234,1279,44,4.65,20.627
2026-03-08T05:07:33.465000+00:00,11234,1279,44,4.641,20.602
2026-03-08T05:07:34.747000+00:00,11234,1279,44,4.583,20.55
2026-03-08T05:07:39.462000+00:00,11234,1279,44,4.479,20.463
2026-03-08T05:07:42.979000+00:00,11234,1279,44,4.424,20.481
2026-03-08T05:07:46.152000+00:00,11234,1279,44,4.278,20.337
2026-03-08T05:07:49.703000+00:00,11234,1279,44,4.197,20.119
2026-03-08T05:07:54.581000+00:00,11234,1279,44,4.153,20.103
2026-03-08T05:07:57.287000+00:00,11234,1279,44,,20.136
2026-03-08T05:07:59.337000+00:00,11234,1279,44,4.144,20.174
2026-03-08T05:08:03.030000+00:00,11234,1279,44,4.082,20.157
2026-03-08T05:08:06.206000+00:00,11234,1279,44,4.088,20.17
2026-03-08T05:08:09.895000+00:00,11234,1279,44,4.096,20.179
2026-03-08T05:08:13.666000+00:00,11234,1279,44,4.082,20.204
2026-03-08T05:08:16.982000+00:00,11234,1279,44,4.066,20.233
2026-03-08T05:08:21.804000+00:00,11234,1279,44,4.064,20.214
2026-03-08T05:08:26.796000+00:00,11234,1279,44,3.989,20.252
2026-03-08T05:08:30.767000+00:00,11234,1279,44,3.936,20.179
2026-03-08T05:08:36.455000+00:00,11234,1279,44,4.012,20.22
2026-03-08T05:08:39.725000+00:00,11234,1279,44,3.999,20.207
2026-03-08T05:08:43.333000+00:00,11234,1279,44,3.987,19.753
2026-03-08T05:08:45.494000+00:00,11234,1279,44,4.036,19.675
2026-03-08T05:08:47.538000+00:00,11234,1279,44,4.039,19.588
2026-03-08T05:08:52.708000+00:00,11234,1279,44,4.021,19.668
2026-03-08T05:08:53.423000+00:00,11234,1279,44,4.019,19.679
2026-03-08T05:08:56.026000+00:00,11234,1279,44,4.002,19.72
2026-03-08T05:08:57.396000+00:00,11234,1279,44,3.973,19.693
2026-03-08T05:09:02.119000+00:00,11234,1279,44,3.978,19.671
2026-03-08T05:09:05.625000+00:00,11234,1279,44,3.981,19.697
2026-03-08T05:09:08.888000+00:00,11234,1279,44,3.954,19.559
2026-03-08T05:09:12.431000+00:00,11234,1279,44,3.884,19.37
2026-03-08T05:09:17.340000+00:00,11234,1279,44,3.919,19.378
2026-03-08T05:09:19.991000+00:00,11234,1279,44,3.893,19.363
2026-03-08T05:09:22.167000+00:00,11234,1279,44,3.905,19.45
2026-03-08T05:09:25.908000+00:00,11234,1279,44,4.013,19.262
2026-03-08T05:09:29.137000+00:00,11234,1279,44,4.038,19.183
2026-03-08T05:09:32.797000+00:00,11234,1279,44,4.041,19.181
2026-03-08T05:09:36.649000+00:00,11234,1279,44,4.029,19.198
2026-03-08T05:09:39.941000+00:00,11234,1279,44,4.012,
2026-03-08T05:09:44.769000+00:00,11234,1279,44,3.989,19.139
2026-03-08T05:09:49.894000+00:00,11234,1279,44,3.929,19.151
2026-03-08T05:09:53.685000+00:00,11234,1279,44,3.891,19.123
2026-03-08T05:09:59.422000+00:00,11234,1279,44,3.883,19.126
2026-03-08T05:10:02.727000+00:00,11234,1279,44,3.966,19.133
2026-03-08T05:10:06.286000+00:00,11234,1279,44,4.036,18.938
2026-03-08T05:10:08.530000+00:00,11234,1279,44,4.09,18.935
2026-03-08T05:10:10.499000+00:00,11234,1279,44,4.085,18.88
2026-03-08T05:10:15.669000+00:00,11234,1279,44,4.073,18.888
2026-03-08T05:10:16.292000+00:00,11234,1279,44,4.07,18.873
2026-03-08T05:10:18.971000+00:00,11234,1279,44,4.054,18.805
2026-03-08T05:10:20.225000+00:00,11234,1279,44,4.049,18.782
2026-03-08T05:10:25.052000+00:00,11234,1279,44,4.101,18.826
2026-03-08T05:10:28.633000+00:00,11234,1279,44,4.098,18.853
2026-03-08T05:10:31.800000+00:00,11234,1279,44,4.067,18.713
2026-03-08T05:10:35.374000+00:00,11234,1279,44,4.029,18.533
2026-03-08T05:10:40.276000+00:00,11234,1279,44,4.098,18.595
2026-03-08T05:10:42.904000+00:00,11234,1279,44,4.089,18.638
2026-03-08T05:10:45.055000+00:00,11234,1279,44,4.074,18.675
2026-03-08T05:10:48.751000+00:00,11234,1279,44,4.061,18.685
2026-03-08T05:10:51.954000+00:00,11234,1279,44,4.094,18.747
2026-03-08T05:10:55.632000+00:00,11234,1279,44,4.102,18.772
2026-03-08T05:10:59.469000+00:00,11234,1279,44,4.084,18.776
2026-03-08T05:11:02.823000+00:00,11234,1279,44,4.064,18.774
2026-03-08T05:11:07.606000+00:00,11234,1279,44,4.089,18.861
2026-03-08T05:11:12.720000+00:00,11234,1279,44,4.086,18.942
2026-03-08T05:11:16.546000+00:00,11234,1279,44,3.995,18.827
2026-03-08T05:11:22.123000+00:00,11234,1279,44,3.885,18.772
2026-03-08T05:11:25.391000+00:00,11234,1279,44,3.888,18.745
2026-03-08T05:11:29.033000+00:00,11234,1279,44,3.863,18.585
2026-03-08T05:11:31.130000+00:00,11234,1279,44,3.893,18.633
2026-03-08T05:11:33.171000+00:00,11234,1279,44,3.852,18.555
2026-03-08T05:11:38.326000+00:00,11234,1279,44,3.8,18.533
2026-03-08T05:11:38.967000+00:00,11234,1279,44,3.795,18.517
2026-03-08T05:11:41.624000+00:00,11234,1279,44,3.78,18.439
2026-03-08T05:11:42.987000+00:00,11234,1279,44,3.758,18.403
2026-03-08T05:11:47.732000+00:00,11234,1279,44,3.737,18.498
2026-03-08T05:11:51.272000+00:00,11234,1279,44,3.735,18.537
2026-03-08T05:11:54.547000+00:00,11234,1279,44,3.76,18.513
2026-03-08T05:11:58.128000+00:00,11234,1279,44,3.68,18.362
2026-03-08T05:12:03.019000+00:00,11234,1279,44,3.713,18.425
2026-03-08T05:12:05.721000+00:00,11234,1279,44,3.698,18.468
2026-03-08T05:12:07.793000+00:00,11234,1279,44,3.688,18.512
2026-03-08T05:12:11.506000+00:00,11234,1279,44,3.687,18.529
2026-03-08T05:12:14.716000+00:00,11234,1279,44,3.695,18.557
2026-03-08T05:12:18.405000+00:00,11234,1279,44,3.706,18.585
2026-03-08T05:12:22.218000+00:00,11234,1279,44,3.687,18.584
2026-03-08T05:12:25.541000+00:00,11234,1279,44,3.676,18.586
2026-03-08T05:12:30.244000+00:00,11234,1279,44,3.684,18.553
2026-03-08T05:12:35.322000+00:00,11234,1279,44,3.663,18.56
2026-03-08T05:12:39.183000+00:00,11234,1279,44,3.54,18.474
2026-03-08T05:12:44.844000+00:00,11234,1279,44,3.585,18.536
2026-03-08T05:12:48.127000+00:00,11234,1279,44,3.637,18.508
2026-03-08T05:12:51.700000+00:00,11234,1279,44,3.624,18.268
2026-03-08T05:12:53.903000+00:00,11234,1279,44,3.662,18.253
2026-03-08T05:12:55.904000+00:00,11234,1279,44,3.651,18.204
2026-03-08T05:13:01.106000+00:00,11234,1279,44,3.655,18.248
2026-03-08T05:13:01.737000+00:00,11234,1279,44,3.66,18.247
2026-03-08T05:13:04.411000+00:00,11234,1279,44,3.676,18.231
2026-03-08T05:13:05.694000+00:00,11234,1279,44,3.696,18.207
2026-03-08T05:13:10.471000+00:00,11234,1279,44,3.643,18.262
2026-03-08T05:13:13.993000+00:00,11234,1279,44,3.615,18.307
2026-03-08T05:13:17.258000+00:00,11234,1279,44,3.58,18.243
2026-03-08T05:13:20.770000+00:00,11234,1279,44,3.473,18.069
2026-03-08T05:13:25.687000+00:00,11234,1279,44,3.437,18.121
2026-03-08T05:13:28.385000+00:00,11234,1279,44,3.4,18.172
2026-03-08T05:13:30.486000+00:00,11234,1279,44,3.377,18.217
2026-03-08T05:13:34.152000+00:00,11234,1279,44,3.341,18.222
2026-03-08T05:13:37.371000+00:00,11234,1279,44,3.377,18.257
2026-03-08T05:13:41.058000+00:00,11234,1279,44,3.391,18.279
2026-03-08T05:13:44.854000+00:00,11234,1279,44,3.378,18.297
2026-03-08T05:13:48.163000+00:00,11234,1279,44,3.36,18.328
2026-03-08T05:13:52.926000+00:00,11234,1279,44,3.368,18.373
2026-03-08T05:13:58.025000+00:00,11234,1279,44,3.315,18.388
2026-03-08T05:14:01.775000+00:00,11234,1279,44,3.253,18.268
2026-03-08T05:14:07.505000+00:00,11234,1279,44,3.117,18.295
2026-03-08T05:14:10.830000+00:00,11234,1279,44,3.101,18.361
2026-03-08T05:14:14.446000+00:00,11234,1279,44,3.111,18.142
2026-03-08T05:14:16.669000+00:00,11234,1279,44,3.127,18.171
2026-03-08T05:14:18.784000+00:00,11234,1279,44,3.126,18.191
2026-03-08T05:14:23.944000+00:00,11234,1279,44,3.133,18.24
2026-03-08T05:14:24.580000+00:00,11234,1279,44,3.131,18.238
2026-03-08T05:14:27.206000+00:00,11234,1279,44,3.116,18.21
2026-03-08T05:14:28.501000+00:00,11234,1279,44,3.115,18.203
2026-03-08T05:14:33.286000+00:00,11234,1279,44,3.125,18.21
2026-03-08T05:14:36.788000+00:00,11234,1279,44,3.121,18.252
2026-03-08T05:14:40.017000+00:00,11234,1279,44,3.081,18.166
2026-03-08T05:14:43.606000+00:00,11234,1279,44,2.963,17.982
2026-03-08T05:14:48.500000+00:00,11234,1279,44,2.943,18.008
2026-03-08T05:14:51.188000+00:00,11234,1279,44,2.947,18.048
2026-03-08T05:14:53.310000+00:00,11234,1279,44,2.986,18.14
2026-03-08T05:14:57.094000+00:00,11234,1279,44,3.037,18.22
2026-03-08T05:15:00.329000+00:00,11234,1279,44,3.024,18.248
2026-03-08T05:15:04.033000+00:00,11234,1279,44,3.025,18.273
2026-03-08T05:15:07.834000+00:00,11234,1279,44,3.019,18.282
2026-03-08T05:15:11.184000+00:00,11234,1279,44,3.033,18.308
2026-03-08T05:15:15.949000+00:00,11234,1279,44,3.135,18.323
2026-03-08T05:15:21.038000+00:00,11234,1279,44,3.131,18.374
2026-03-08T05:15:24.897000+00:00,11234,1279,44,3.074,18.289
2026-03-08T05:15:30.619000+00:00,11234,1279,44,2.977,18.324
2026-03-08T05:15:33.951000+00:00,11234,1279,44,3.038,18.368
2026-03-08T05:15:37.542000+00:00,11234,1279,44,3.006,18.131
2026-03-08T05:15:39.825000+00:00,11234,1279,44,3.104,18.25
2026-03-08T05:15:41.966000+00:00,11234,1279,44,3.168,18.326
2026-03-08T05:15:47.224000+00:00,11234,1279,44,3.238,18.461
2026-03-08T05:15:47.946000+00:00,11234,1279,44,3.241,
2026-03-08T05:15:50.582000+00:00,11234,1279,44,3.256,18.465
2026-03-08T05:15:51.849000+00:00,11234,1279,44,3.246,18.437
2026-03-08T05:15:56.657000+00:00,11234,1279,44,3.209,18.436
2026-03-08T05:16:00.185000+00:00,11234,1279,44,3.223,18.481
2026-03-08T05:16:03.401000+00:00,11234,1279,44,3.224,18.427
2026-03-08T05:16:07.008000+00:00,11234,1279,44,3.1,18.282
2026-03-08T05:16:11.988000+00:00,11234,1279,44,3.158,18.356
2026-03-08T05:16:14.612000+00:00,11234,1279,44,3.118,18.406
2026-03-08T05:16:16.835000+00:00,11234,1279,44,3.101,18.469
2026-03-08T05:16:20.505000+00:00,11234,1279,44,3.152,18.53
2026-03-08T05:16:23.693000+00:00,11234,1279,44,3.149,18.565
2026-03-08T05:16:27.356000+00:00,11234,1279,44,3.156,18.585
2026-03-08T05:16:31.199000+00:00,11234,1279,44,3.169,18.606
2026-03-08T05:16:34.496000+00:00,11234,1279,44,3.172,18.643
2026-03-08T05:16:39.238000+00:00,11234,1279,44,3.218,18.673
2026-03-08T05:16:44.262000+00:00,11234,1279,44,3.158,18.719
2026-03-08T05:16:48.070000+00:00,11234,1279,44,3.013,18.645
2026-03-08T05:16:53.735000+00:00,11234,1279,44,2.972,18.625
2026-03-08T05:16:57.028000+00:00,11234,1279,44,2.99,18.567
2026-03-08T05:17:00.592000+00:00,11234,1279,44,2.969,18.365
2026-03-08T05:17:02.802000+00:00,11234,1279,44,2.999,18.37
2026-03-08T05:17:04.800000+00:00,11234,1279,44,2.973,18.364
2026-03-08T05:17:09.930000+00:00,11234,1279,44,2.943,18.389
2026-03-08T05:17:10.568000+00:00,11234,1279,44,2.935,18.382
2026-03-08T05:17:13.152000+00:00,11234,1279,44,2.887,18.333
2026-03-08T05:17:14.454000+00:00,11234,1279,44,2.884,18.293
2026-03-08T05:17:19.271000+00:00,11234,1279,44,2.833,18.302
2026-03-08T05:17:22.728000+00:00,11234,1279,44,2.811,18.324
2026-03-08T05:17:25.955000+00:00,11234,1279,44,2.764,18.208
2026-03-08T05:17:29.587000+00:00,11234,1279,44,2.63,18.024
2026-03-08T05:17:34.546000+00:00,11234,1279,44,2.65,18.074
2026-03-08T05:17:37.239000+00:00,11234,1279,44,2.62,18.112
2026-03-08T05:17:39.353000+00:00,11234,1279,44,2.636,18.19
2026-03-08T05:17:43.129000+00:00,11234,1279,44,2.627,18.116
2026-03-08T05:17:46.315000+00:00,11234,1279,44,2.609,18.124
2026-03-08T05:17:50.003000+00:00,11234,1279,44,2.615,18.159
2026-03-08T05:17:53.798000+00:00,11234,1279,44,2.661,18.211
2026-03-08T05:17:57.093000+00:00,11234,1279,44,2.719,18.263
2026-03-08T05:18:01.879000+00:00,11234,1279,44,2.855,18.275
2026-03-08T05:18:06.902000+00:00,11234,1279,44,2.829,18.261
2026-03-08T05:18:10.770000+00:00,11234,1279,44,2.817,18.202
2026-03-08T05:18:16.486000+00:00,11234,1279,44,2.753,18.272
2026-03-08T05:18:19.762000+00:00,11234,1279,44,2.79,
2026-03-08T05:18:23.511000+00:00,11234,1279,44,2.901,18.176
2026-03-08T05:18:25.724000+00:00,11234,1279,44,2.921,18.192
2026-03-08T05:18:27.743000+00:00,11234,1279,44,2.897,18.189
2026-03-08T05:18:32.936000+00:00,11234,1279,44,2.902,18.286
2026-03-08T05:18:33.560000+00:00,11234,1279,44,2.894,18.284
2026-03-08T05:18:36.183000+00:00,11234,1279,44,2.856,18.259
2026-03-08T05:18:37.600000+00:00,11234,1279,44,2.943,18.295
2026-03-08T05:18:42.445000+00:00,11234,1279,44,2.921,18.363
2026-03-08T05:18:45.995000+00:00,11234,1279,44,2.9,18.413
2026-03-08T05:18:49.398000+00:00,11234,1279,44,3.107,18.585
2026-03-08T05:18:53.102000+00:00,11234,1279,44,3.141,18.563
2026-03-08T05:18:58.013000+00:00,11234,1279,44,3.177,18.584
2026-03-08T05:19:00.614000+00:00,11234,1279,44,3.166,18.61
2026-03-08T05:19:02.742000+00:00,11234,1279,44,3.158,18.645
2026-03-08T05:19:06.436000+00:00,11234,1279,44,3.198,18.673
2026-03-08T05:19:09.662000+00:00,11234,1279,44,3.244,18.73
2026-03-08T05:19:13.344000+00:00,11234,1279,44,3.254,18.771
2026-03-08T05:19:17.164000+00:00,11234,1279,44,3.232,18.816
2026-03-08T05:19:20.496000+00:00,11234,1279,44,3.207,18.862
2026-03-08T05:19:25.190000+00:00,11234,1279,44,3.191,18.799
2026-03-08T05:19:30.240000+00:00,11234,1279,44,3.174,18.828
2026-03-08T05:19:34.042000+00:00,11234,1279,44,2.969,18.693
2026-03-08T05:19:39.722000+00:00,11234,1279,44,2.951,18.653
2026-03-08T05:19:43.038000+00:00,11234,1279,44,2.994,18.628
2026-03-08T05:19:46.616000+00:00,11234,1279,44,2.997,18.389
2026-03-08T05:19:48.863000+00:00,11234,1279,44,3.036,18.334
2026-03-08T05:19:50.918000+00:00,11234,1279,44,3.059,18.325
2026-03-08T05:19:56.086000+00:00,11234,1279,44,3.058,18.378
2026-03-08T05:19:56.724000+00:00,11234,1279,44,3.045,18.38
2026-03-08T05:19:59.359000+00:00,11234,1279,44,2.987,18.376
2026-03-08T05:20:00.675000+00:00,11234,1279,44,2.942,18.241
2026-03-08T05:20:05.341000+00:00,11234,1279,44,2.859,18.111
2026-03-08T05:20:08.868000+00:00,11234,1279,44,2.879,18.125
2026-03-08T05:20:12.047000+00:00,11234,1279,44,2.949,18.055
2026-03-08T05:20:15.635000+00:00,11234,1279,44,2.898,17.887
2026-03-08T05:20:20.628000+00:00,11234,1279,44,3.02,18.013
2026-03-08T05:20:23.301000+00:00,11234,1279,44,3.005,18.059
2026-03-08T05:20:25.418000+00:00,11234,1279,44,2.994,18.121
2026-03-08T05:20:29.158000+00:00,11234,1279,44,3.032,18.054
2026-03-08T05:20:32.328000+00:00,11234,1279,44,3.061,18.076
2026-03-08T05:20:35.999000+00:00,11234,1279,44,3.065,18.099
2026-03-08T05:20:39.796000+00:00,11234,1279,44,3.034,18.166
2026-03-08T05:20:43.141000+00:00,11234,1279,44,2.997,18.23
2026-03-08T05:20:47.891000+00:00,11234,1279,44,2.97,18.167
2026-03-08T05:20:52.959000+00:00,11234,1279,44,2.893,18.211
2026-03-08T05:20:56.814000+00:00,11234,1279,44,2.676,18.114
2026-03-08T05:21:02.474000+00:00,11234,1279,44,2.61,18.123
2026-03-08T05:21:05.784000+00:00,11234,1279,44,2.623,18.113
2026-03-08T05:21:09.311000+00:00,11234,1279,44,2.645,17.961
2026-03-08T05:21:11.523000+00:00,11234,1279,44,2.673,17.964
2026-03-08T05:21:13.538000+00:00,11234,1279,44,2.64,17.874
2026-03-08T05:21:18.638000+00:00,11234,1279,44,2.571,17.841
2026-03-08T05:21:19.322000+00:00,11234,1279,44,2.554,17.834
2026-03-08T05:21:21.980000+00:00,11234,1279,44,2.464,17.789
2026-03-08T05:21:23.229000+00:00,11234,1279,44,2.368,17.714
2026-03-08T05:21:27.936000+00:00,11234,1279,44,2.382,17.771
2026-03-08T05:21:31.453000+00:00,11234,1279,44,2.438,17.828
2026-03-08T05:21:34.694000+00:00,11234,1279,44,2.499,17.784
2026-03-08T05:21:38.360000+00:00,11234,1279,44,2.455,17.698
2026-03-08T05:21:43.279000+00:00,11234,1279,44,2.499,17.709
2026-03-08T05:21:45.888000+00:00,11234,1279,44,2.497,17.754
2026-03-08T05:21:48.055000+00:00,11234,1279,44,2.493,17.797
2026-03-08T05:21:51.750000+00:00,11234,1279,44,2.535,17.803
2026-03-08T05:21:54.909000+00:00,11234,1279,44,2.552,17.828
2026-03-08T05:21:58.584000+00:00,11234,1279,44,2.557,17.842
2026-03-08T05:22:02.383000+00:00,11234,1279,44,2.527,17.851
2026-03-08T05:22:05.716000+00:00,11234,1279,44,2.495,17.866
2026-03-08T05:22:10.403000+00:00,11234,1279,44,2.449,17.859
2026-03-08T05:22:15.392000+00:00,11234,1279,44,2.372,17.85
2026-03-08T05:22:19.232000+00:00,11234,1279,44,2.189,17.787
2026-03-08T05:22:24.882000+00:00,11234,1279,44,2.123,17.772
2026-03-08T05:22:28.149000+00:00,11234,1279,44,2.146,17.747
2026-03-08T05:22:31.693000+00:00,11234,1279,44,2.153,17.492
2026-03-08T05:22:33.852000+00:00,11234,1279,44,2.199,17.469
2026-03-08T05:22:35.863000+00:00,11234,1279,44,2.174,17.498
2026-03-08T05:22:41.068000+00:00,11234,1279,44,2.161,17.591
2026-03-08T05:22:41.696000+00:00,11234,1279,44,2.152,17.587
2026-03-08T05:22:44.370000+00:00,11234,1279,44,2.096,17.549
2026-03-08T05:22:45.722000+00:00,11234,1279,44,2.074,17.507
2026-03-08T05:22:50.432000+00:00,11234,1279,44,2.105,17.548
2026-03-08T05:22:53.914000+00:00,11234,1279,44,2.121,17.578
2026-03-08T05:22:57.138000+00:00,11234,1279,44,2.076,17.536
2026-03-08T05:23:00.789000+00:00,11234,1279,44,2.034,17.427
2026-03-08T05:23:05.610000+00:00,11234,1279,44,2.014,17.379
2026-03-08T05:23:08.271000+00:00,11234,1279,44,2.002,17.409
2026-03-08T05:23:10.350000+00:00,11234,1279,44,1.987,17.439
2026-03-08T05:23:14.038000+00:00,11234,1279,44,1.951,17.395
2026-03-08T05:23:17.241000+00:00,11234,1279,44,1.961,17.427
2026-03-08T05:23:20.897000+00:00,11234,1279,44,1.959,17.445
2026-03-08T05:23:24.681000+00:00,11234,1279,44,1.929,17.46
2026-03-08T05:23:28.033000+00:00,11234,1279,44,1.896,17.48
2026-03-08T05:23:32.727000+00:00,11234,1279,44,1.834,17.496
2026-03-08T05:23:37.737000+00:00,11234,1279,44,1.84,17.547
2026-03-08T05:23:41.614000+00:00,11234,1279,44,1.79,17.505
2026-03-08T05:23:47.390000+00:00,11234,1279,44,1.664,17.546
2026-03-08T05:23:50.687000+00:00,11234,1279,44,1.714,17.523
2026-03-08T05:23:54.220000+00:00,11234,1279,44,1.696,17.257
2026-03-08T05:23:56.405000+00:00,11234,1279,44,1.756,17.261
2026-03-08T05:23:58.453000+00:00,11234,1279,44,1.717,17.262
2026-03-08T05:24:03.559000+00:00,11234,1279,44,1.694,17.328
2026-03-08T05:24:04.194000+00:00,11234,1279,44,1.687,17.33
2026-03-08T05:24:06.858000+00:00,11234,1279,44,1.641,17.332
2026-03-08T05:24:08.205000+00:00,11234,1279,44,1.584,17.282
2026-03-08T05:24:12.909000+00:00,11234,1279,44,1.46,17.194
2026-03-08T05:24:16.379000+00:00,11234,1279,44,1.48,17.223
2026-03-08T05:24:19.553000+00:00,11234,1279,44,1.439,17.135
2026-03-08T05:24:23.199000+00:00,11234,1279,44,1.39,16.962
2026-03-08T05:24:28.106000+00:00,11234,1279,44,1.448,17.005
2026-03-08T05:24:30.742000+00:00,11234,1279,44,1.442,17.046
2026-03-08T05:24:32.880000+00:00,11234,1279,44,1.439,17.094
2026-03-08T05:24:36.552000+00:00,11234,1279,44,1.459,17.078
2026-03-08T05:24:39.772000+00:00,11234,1279,44,1.533,17.148
2026-03-08T05:24:43.435000+00:00,11234,1279,44,1.541,17.17
2026-03-08T05:24:47.252000+00:00,11234,1279,44,1.512,17.214
2026-03-08T05:24:50.640000+00:00,11234,1279,44,1.466,17.268
2026-03-08T05:24:55.278000+00:00,11234,1279,44,1.421,17.17
2026-03-08T05:25:00.336000+00:00,11234,1279,44,1.374,17.278
2026-03-08T05:25:04.229000+00:00,11234,1279,44,1.384,17.236
2026-03-08T05:25:10.004000+00:00,11234,1279,44,1.36,17.14
2026-03-08T05:25:13.345000+00:00,11234,1279,44,1.37,17.004
2026-03-08T05:25:16.892000+00:00,11234,1279,44,1.411,16.773
2026-03-08T05:25:19.065000+00:00,11234,1279,44,1.442,16.737
2026-03-08T05:25:21.108000+00:00,11234,1279,44,1.401,16.787
2026-03-08T05:25:26.295000+00:00,11234,1279,44,1.333,16.865
2026-03-08T05:25:26.931000+00:00,11234,1279,44,1.305,16.858
2026-03-08T05:25:29.693000+00:00,11234,1279,44,1.15,16.811
2026-03-08T05:25:30.923000+00:00,11234,1279,44,1.071,16.751
2026-03-08T05:25:35.725000+00:00,11234,1279,44,1.006,16.815
2026-03-08T05:25:39.206000+00:00,11234,1279,44,1.033,16.836
2026-03-08T05:25:42.397000+00:00,11234,1279,44,1.056,16.654
2026-03-08T05:25:46.046000+00:00,11234,1279,44,1.036,16.546
2026-03-08T05:25:50.943000+00:00,11234,1279,44,1.049,16.563
2026-03-08T05:25:53.565000+00:00,11234,1279,44,1.039,16.6
2026-03-08T05:25:55.681000+00:00,11234,1279,44,1.028,16.632
2026-03-08T05:25:59.370000+00:00,11234,1279,44,0.99,16.614
2026-03-08T05:26:02.574000+00:00,11234,1279,44,0.979,16.66
2026-03-08T05:26:06.212000+00:00,11234,1279,44,0.964,16.648
2026-03-08T05:26:09.977000+00:00,11234,1279,44,0.908,16.582
2026-03-08T05:26:13.266000+00:00,11234,1279,44,0.842,16.515
2026-03-08T05:26:18.017000+00:00,11234,1279,44,0.826,16.437
2026-03-08T05:26:22.843000+00:00,11234,1279,44,0.638,16.282
2026-03-08T05:26:26.562000+00:00,11234,1279,44,0.408,16.05
2026-03-08T05:26:32.555000+00:00,11234,1279,44,0.649,16.288
2026-03-08T05:26:36.004000+00:00,11234,1279,44,0.768,16.412
2026-03-08T05:26:39.641000+00:00,11234,1279,44,0.826,16.251
2026-03-08T05:26:41.832000+00:00,11234,1279,44,0.841,16.27
2026-03-08T05:26:43.843000+00:00,11234,1279,44,0.777,16.208
2026-03-08T05:26:48.959000+00:00,11234,1279,44,0.614,16.16
2026-03-08T05:26:49.590000+00:00,11234,1279,44,0.625,16.144
