date,session_key,driver_number,gap_to_leader,interval,meeting_key
2026-03-29T05:14:06.908000+00:00,11253,16,,0.207,1281
2026-03-29T05:14:09.919000+00:00,11253,16,0.119,0.022,1281
2026-03-29T05:14:13.517000+00:00,11253,16,0.208,0.208,1281
2026-03-29T05:14:17.543000+00:00,11253,16,0.483,0.483,1281
2026-03-29T05:14:21.003000+00:00,11253,16,0.603,0.603,1281
2026-03-29T05:14:24.513000+00:00,11253,16,0.752,0.752,1281
2026-03-29T05:14:30.952000+00:00,11253,16,0.901,0.901,1281
2026-03-29T05:14:34.822000+00:00,11253,16,1.026,1.026,1281
2026-03-29T05:14:38.361000+00:00,11253,16,1.172,1.172,1281
2026-03-29T05:14:41.566000+00:00,11253,16,1.241,1.241,1281
2026-03-29T05:14:46.591000+00:00,11253,16,1.215,1.215,1281
2026-03-29T05:14:50.695000+00:00,11253,16,1.242,1.242,1281
2026-03-29T05:14:56.043000+00:00,11253,16,1.207,1.207,1281
2026-03-29T05:15:00.187000+00:00,11253,16,1.218,1.218,1281
2026-03-29T05:15:02.774000+00:00,11253,16,1.112,1.112,1281
2026-03-29T05:15:05.622000+00:00,11253,16,0.94,0.94,1281
2026-03-29T05:15:08.863000+00:00,11253,16,0.929,0.929,1281
2026-03-29T05:15:13.179000+00:00,11253,16,0.948,0.948,1281
2026-03-29T05:15:17.366000+00:00,11253,16,0.938,0.938,1281
2026-03-29T05:15:20.178000+00:00,11253,16,0.906,0.906,1281
2026-03-29T05:15:24.762000+00:00,11253,16,0.806,0.806,1281
2026-03-29T05:15:28.499000+00:00,11253,16,0.884,0.884,1281
2026-03-29T05:15:33.139000+00:00,11253,16,0.92,0.92,1281
2026-03-29T05:15:35.664000+00:00,11253,16,1.014,1.014,1281
2026-03-29T05:15:37.214000+00:00,11253,16,1.034,1.034,1281
2026-03-29T05:15:37.900000+00:00,11253,16,1.054,1.054,1281
2026-03-29T05:15:38.623000+00:00,11253,16,1.092,1.092,1281
2026-03-29T05:15:43.378000+00:00,11253,16,1.376,1.376,1281
2026-03-29T05:15:45.743000+00:00,11253,16,1.47,1.47,1281
2026-03-29T05:15:49.060000+00:00,11253,16,1.538,1.538,1281
2026-03-29T05:15:52.632000+00:00,11253,16,1.537,1.537,1281
2026-03-29T05:15:55.977000+00:00,11253,16,1.577,1.577,1281
2026-03-29T05:15:59.360000+00:00,11253,16,1.621,1.621,1281
2026-03-29T05:16:05.750000+00:00,11253,16,1.665,1.665,1281
2026-03-29T05:16:09.644000+00:00,11253,16,1.702,1.702,1281
2026-03-29T05:16:13.260000+00:00,11253,16,1.727,1.727,1281
2026-03-29T05:16:16.542000+00:00,11253,16,1.753,1.753,1281
2026-03-29T05:16:21.587000+00:00,11253,16,1.681,1.681,1281
2026-03-29T05:16:25.707000+00:00,11253,16,1.685,1.685,1281
2026-03-29T05:16:31.249000+00:00,11253,16,1.821,1.821,1281
2026-03-29T05:16:35.375000+00:00,11253,16,1.788,1.788,1281
2026-03-29T05:16:37.973000+00:00,11253,16,1.71,1.71,1281
2026-03-29T05:16:40.954000+00:00,11253,16,1.631,1.631,1281
2026-03-29T05:16:44.203000+00:00,11253,16,1.581,1.581,1281
2026-03-29T05:16:48.592000+00:00,11253,16,1.59,1.59,1281
2026-03-29T05:16:52.773000+00:00,11253,16,1.603,1.603,1281
2026-03-29T05:16:55.452000+00:00,11253,16,1.488,1.488,1281
2026-03-29T05:17:00.055000+00:00,11253,16,1.258,1.258,1281
2026-03-29T05:17:03.704000+00:00,11253,16,1.191,1.191,1281
2026-03-29T05:17:08.319000+00:00,11253,16,1.192,1.192,1281
2026-03-29T05:17:10.940000+00:00,11253,16,1.17,1.17,1281
2026-03-29T05:17:12.291000+00:00,11253,16,1.196,1.196,1281
2026-03-29T05:17:13.001000+00:00,11253,16,1.222,1.222,1281
2026-03-29T05:17:13.802000+00:00,11253,16,1.269,1.269,1281
2026-03-29T05:17:18.587000+00:00,11253,16,1.567,1.567,1281
2026-03-29T05:17:20.996000+00:00,11253,16,1.655,1.655,1281
2026-03-29T05:17:24.291000+00:00,11253,16,1.729,1.729,1281
2026-03-29T05:17:27.892000+00:00,11253,16,1.686,1.686,1281
2026-03-29T05:17:31.325000+00:00,11253,16,1.739,1.739,1281
2026-03-29T05:17:34.675000+00:00,11253,16,1.788,1.788,1281
2026-03-29T05:17:41.074000+00:00,11253,16,1.824,1.824,1281
2026-03-29T05:17:44.982000+00:00,11253,16,1.887,1.887,1281
2026-03-29T05:17:48.570000+00:00,11253,16,1.917,1.917,1281
2026-03-29T05:17:51.823000+00:00,11253,16,1.881,1.881,1281
2026-03-29T05:17:56.862000+00:00,11253,16,1.824,1.824,1281
2026-03-29T05:18:00.996000+00:00,11253,16,1.833,1.833,1281
2026-03-29T05:18:06.326000+00:00,11253,16,1.754,1.754,1281
2026-03-29T05:18:10.510000+00:00,11253,16,1.744,1.744,1281
2026-03-29T05:18:13.089000+00:00,11253,16,1.643,1.643,1281
2026-03-29T05:18:16.011000+00:00,11253,16,1.533,1.533,1281
2026-03-29T05:18:19.252000+00:00,11253,16,1.48,1.48,1281
2026-03-29T05:18:23.561000+00:00,11253,16,1.487,1.487,1281
2026-03-29T05:18:27.783000+00:00,11253,16,1.5,1.5,1281
2026-03-29T05:18:30.492000+00:00,11253,16,1.44,1.44,1281
2026-03-29T05:18:35.142000+00:00,11253,16,1.288,1.288,1281
2026-03-29T05:18:38.801000+00:00,11253,16,1.22,1.22,1281
2026-03-29T05:18:43.307000+00:00,11253,16,1.251,1.251,1281
2026-03-29T05:18:45.937000+00:00,11253,16,1.283,1.283,1281
2026-03-29T05:18:47.406000+00:00,11253,16,1.309,1.309,1281
2026-03-29T05:18:48.243000+00:00,11253,16,1.333,1.333,1281
2026-03-29T05:18:48.903000+00:00,11253,16,1.375,1.375,1281
2026-03-29T05:18:53.670000+00:00,11253,16,1.665,1.665,1281
2026-03-29T05:18:56.045000+00:00,11253,16,1.749,0.104,1281
2026-03-29T05:18:59.463000+00:00,11253,16,1.996,0.315,1281
2026-03-29T05:19:03.257000+00:00,11253,16,2.14,0.36,1281
2026-03-29T05:19:06.653000+00:00,11253,16,2.242,0.413,1281
2026-03-29T05:19:10.152000+00:00,11253,16,2.391,0.515,1281
2026-03-29T05:19:16.698000+00:00,11253,16,2.483,,1281
2026-03-29T05:19:20.652000+00:00,11253,16,2.557,0.624,1281
2026-03-29T05:19:24.249000+00:00,11253,16,2.534,0.731,1281
2026-03-29T05:19:27.483000+00:00,11253,16,2.501,0.816,1281
2026-03-29T05:19:32.611000+00:00,11253,16,2.538,0.765,1281
2026-03-29T05:19:36.787000+00:00,11253,16,2.602,0.75,1281
2026-03-29T05:19:42.402000+00:00,11253,16,2.684,0.841,1281
2026-03-29T05:19:46.501000+00:00,11253,16,2.713,0.857,1281
2026-03-29T05:19:49.166000+00:00,11253,16,2.644,0.799,1281
2026-03-29T05:19:52.175000+00:00,11253,16,2.566,0.751,1281
2026-03-29T05:19:55.412000+00:00,11253,16,2.588,0.833,1281
2026-03-29T05:19:59.826000+00:00,11253,16,2.608,0.914,1281
2026-03-29T05:20:04.027000+00:00,11253,16,2.611,0.939,1281
2026-03-29T05:20:06.749000+00:00,11253,16,2.531,0.919,1281
2026-03-29T05:20:11.410000+00:00,11253,16,2.37,0.877,1281
2026-03-29T05:20:15.100000+00:00,11253,16,2.32,0.854,1281
2026-03-29T05:20:19.754000+00:00,11253,16,2.565,0.977,1281
2026-03-29T05:20:22.352000+00:00,11253,16,2.646,1.062,1281
2026-03-29T05:20:23.890000+00:00,11253,16,2.655,1.071,1281
2026-03-29T05:20:24.572000+00:00,11253,16,2.661,1.075,1281
2026-03-29T05:20:25.330000+00:00,11253,16,2.67,1.088,1281
2026-03-29T05:20:29.796000+00:00,11253,16,2.709,1.247,1281
2026-03-29T05:20:32.073000+00:00,11253,16,2.692,1.319,1281
2026-03-29T05:20:35.338000+00:00,11253,16,2.745,1.325,1281
2026-03-29T05:20:38.924000+00:00,11253,16,2.688,1.315,1281
2026-03-29T05:20:42.306000+00:00,11253,16,2.725,1.364,1281
2026-03-29T05:20:45.735000+00:00,11253,16,2.76,1.431,1281
2026-03-29T05:20:52.154000+00:00,11253,16,2.624,1.332,1281
2026-03-29T05:20:56.102000+00:00,11253,16,2.711,1.405,1281
2026-03-29T05:20:59.762000+00:00,11253,16,2.786,1.455,1281
2026-03-29T05:21:03.064000+00:00,11253,16,2.824,1.533,1281
2026-03-29T05:21:08.121000+00:00,11253,16,2.849,1.496,1281
2026-03-29T05:21:12.159000+00:00,11253,16,2.829,1.444,1281
2026-03-29T05:21:17.539000+00:00,11253,16,2.789,1.362,1281
2026-03-29T05:21:21.733000+00:00,11253,16,2.82,1.383,1281
2026-03-29T05:21:24.406000+00:00,11253,16,2.81,1.35,1281
2026-03-29T05:21:27.459000+00:00,11253,16,2.811,1.36,1281
2026-03-29T05:21:30.899000+00:00,11253,16,2.822,1.452,1281
2026-03-29T05:21:35.124000+00:00,11253,16,2.855,1.545,1281
2026-03-29T05:21:39.365000+00:00,11253,16,2.873,1.589,1281
2026-03-29T05:21:42.068000+00:00,11253,16,2.803,1.544,1281
2026-03-29T05:21:46.710000+00:00,11253,16,2.648,1.47,1281
2026-03-29T05:21:50.461000+00:00,11253,16,2.678,1.52,1281
2026-03-29T05:21:55.115000+00:00,11253,16,2.747,1.597,1281
2026-03-29T05:21:57.585000+00:00,11253,16,2.742,1.581,1281
2026-03-29T05:21:59.110000+00:00,11253,16,,1.573,1281
2026-03-29T05:21:59.776000+00:00,11253,16,2.744,1.574,1281
2026-03-29T05:22:00.531000+00:00,11253,16,2.755,1.587,1281
2026-03-29T05:22:05.095000+00:00,11253,16,2.867,1.809,1281
2026-03-29T05:22:07.386000+00:00,11253,16,2.901,1.932,1281
2026-03-29T05:22:10.693000+00:00,11253,16,2.962,2.018,1281
2026-03-29T05:22:14.309000+00:00,11253,16,2.943,1.969,1281
2026-03-29T05:22:17.616000+00:00,11253,16,2.954,1.979,1281
2026-03-29T05:22:21.086000+00:00,11253,16,2.974,2.031,1281
2026-03-29T05:22:27.625000+00:00,11253,16,2.881,1.991,1281
2026-03-29T05:22:31.533000+00:00,11253,16,2.913,2.016,1281
2026-03-29T05:22:35.067000+00:00,11253,16,2.925,2.048,1281
2026-03-29T05:22:38.305000+00:00,11253,16,2.952,2.163,1281
2026-03-29T05:22:43.364000+00:00,11253,16,3.003,2.115,1281
2026-03-29T05:22:47.494000+00:00,11253,16,3.058,2.054,1281
2026-03-29T05:22:52.907000+00:00,11253,16,3.075,2.039,1281
2026-03-29T05:22:57.091000+00:00,11253,16,3.099,2.029,1281
2026-03-29T05:22:59.733000+00:00,11253,16,3.059,1.973,1281
2026-03-29T05:23:02.774000+00:00,11253,16,3.042,1.977,1281
2026-03-29T05:23:06+00:00,11253,16,3.044,2.014,1281
2026-03-29T05:23:10.397000+00:00,11253,16,3.068,2.075,1281
2026-03-29T05:23:14.574000+00:00,11253,16,3.067,2.093,1281
2026-03-29T05:23:17.298000+00:00,11253,16,3.012,2.096,1281
2026-03-29T05:23:22.005000+00:00,11253,16,2.901,2.118,1281
2026-03-29T05:23:25.766000+00:00,11253,16,2.96,2.174,1281
2026-03-29T05:23:30.335000+00:00,11253,16,2.996,2.159,1281
2026-03-29T05:23:32.945000+00:00,11253,16,2.934,2.096,1281
2026-03-29T05:23:34.371000+00:00,11253,16,2.931,2.079,1281
2026-03-29T05:23:35.065000+00:00,11253,16,2.932,2.075,1281
2026-03-29T05:23:35.868000+00:00,11253,16,2.933,2.078,1281
2026-03-29T05:23:40.139000+00:00,11253,16,2.852,2.116,1281
2026-03-29T05:23:42.345000+00:00,11253,16,2.778,2.146,1281
2026-03-29T05:23:45.460000+00:00,11253,16,2.697,2.041,1281
2026-03-29T05:23:49.123000+00:00,11253,16,2.657,1.941,1281
2026-03-29T05:23:52.473000+00:00,11253,16,2.705,1.975,1281
2026-03-29T05:23:55.897000+00:00,11253,16,2.725,1.962,1281
2026-03-29T05:24:02.371000+00:00,11253,16,2.66,1.872,1281
2026-03-29T05:24:06.301000+00:00,11253,16,2.734,1.952,1281
2026-03-29T05:24:10.019000+00:00,11253,16,2.829,2.154,1281
2026-03-29T05:24:13.222000+00:00,11253,16,2.831,2.238,1281
2026-03-29T05:24:18.267000+00:00,11253,16,2.857,2.134,1281
2026-03-29T05:24:22.459000+00:00,11253,16,2.924,2.156,1281
2026-03-29T05:24:27.783000+00:00,11253,16,2.85,2.051,1281
2026-03-29T05:24:31.983000+00:00,11253,16,2.884,2.062,1281
2026-03-29T05:24:34.715000+00:00,11253,16,2.883,2.075,1281
2026-03-29T05:24:37.725000+00:00,11253,16,2.87,2.109,1281
2026-03-29T05:24:40.898000+00:00,11253,16,2.842,2.098,1281
2026-03-29T05:24:45.305000+00:00,11253,16,2.855,2.113,1281
2026-03-29T05:24:49.467000+00:00,11253,16,2.875,2.15,1281
2026-03-29T05:24:52.257000+00:00,11253,16,2.841,2.216,1281
2026-03-29T05:24:56.987000+00:00,11253,16,2.774,2.362,1281
2026-03-29T05:25:00.722000+00:00,11253,16,2.779,2.405,1281
2026-03-29T05:25:05.275000+00:00,11253,16,2.765,2.291,1281
2026-03-29T05:25:07.820000+00:00,11253,16,2.788,2.279,1281
2026-03-29T05:25:09.322000+00:00,11253,16,2.8,,1281
2026-03-29T05:25:10.055000+00:00,11253,16,2.803,2.281,1281
2026-03-29T05:25:10.857000+00:00,11253,16,2.81,2.292,1281
2026-03-29T05:25:15.155000+00:00,11253,16,2.783,2.395,1281
2026-03-29T05:25:17.498000+00:00,11253,16,2.75,2.438,1281
2026-03-29T05:25:20.518000+00:00,11253,16,2.671,2.21,1281
2026-03-29T05:25:24.219000+00:00,11253,16,2.674,2.116,1281
2026-03-29T05:25:27.591000+00:00,11253,16,2.685,2.11,1281
2026-03-29T05:25:30.983000+00:00,11253,16,2.635,1.999,1281
2026-03-29T05:25:37.495000+00:00,11253,16,2.673,1.958,1281
2026-03-29T05:25:41.393000+00:00,11253,16,2.7,1.99,1281
2026-03-29T05:25:45.087000+00:00,11253,16,2.821,2.183,1281
2026-03-29T05:25:48.370000+00:00,11253,16,2.904,2.306,1281
2026-03-29T05:25:53.479000+00:00,11253,16,2.982,2.264,1281
2026-03-29T05:25:57.593000+00:00,11253,16,3.038,2.201,1281
2026-03-29T05:26:03.071000+00:00,11253,16,3.078,2.228,1281
2026-03-29T05:26:07.299000+00:00,11253,16,3.14,2.271,1281
2026-03-29T05:26:10.026000+00:00,11253,16,3.171,2.306,1281
2026-03-29T05:26:13.126000+00:00,11253,16,3.199,2.371,1281
2026-03-29T05:26:16.362000+00:00,11253,16,3.165,2.364,1281
2026-03-29T05:26:20.710000+00:00,11253,16,3.174,2.376,1281
2026-03-29T05:26:24.923000+00:00,11253,16,3.181,2.437,1281
2026-03-29T05:26:27.667000+00:00,11253,16,3.149,2.56,1281
2026-03-29T05:26:32.445000+00:00,11253,16,3.087,2.82,1281
2026-03-29T05:26:36.183000+00:00,11253,16,3.076,2.987,1281
2026-03-29T05:26:40.805000+00:00,11253,16,2.766,2.411,1281
2026-03-29T05:26:43.311000+00:00,11253,16,2.696,2.415,1281
2026-03-29T05:26:44.778000+00:00,11253,16,2.693,2.417,1281
2026-03-29T05:26:45.458000+00:00,11253,16,2.7,2.43,1281
2026-03-29T05:26:46.281000+00:00,11253,16,2.707,2.453,1281
2026-03-29T05:26:50.874000+00:00,11253,16,2.68,2.629,1281
2026-03-29T05:26:52.903000+00:00,11253,16,2.726,2.532,1281
2026-03-29T05:26:56.113000+00:00,11253,16,2.638,2.265,1281
2026-03-29T05:26:59.809000+00:00,11253,16,2.606,2.066,1281
2026-03-29T05:27:03.200000+00:00,11253,16,2.618,2.058,1281
2026-03-29T05:27:06.677000+00:00,11253,16,2.652,2.028,1281
2026-03-29T05:27:13.146000+00:00,11253,16,2.61,1.943,1281
2026-03-29T05:27:17.102000+00:00,11253,16,2.695,2.032,1281
2026-03-29T05:27:20.776000+00:00,11253,16,2.805,2.107,1281
2026-03-29T05:27:24.020000+00:00,11253,16,2.848,2.13,1281
2026-03-29T05:27:29.047000+00:00,11253,16,2.84,2.018,1281
2026-03-29T05:27:33.156000+00:00,11253,16,2.836,1.914,1281
2026-03-29T05:27:38.537000+00:00,11253,16,2.813,1.88,1281
2026-03-29T05:27:42.744000+00:00,11253,16,2.848,1.873,1281
2026-03-29T05:27:45.398000+00:00,11253,16,2.829,1.795,1281
2026-03-29T05:27:48.435000+00:00,11253,16,2.81,1.758,1281
2026-03-29T05:27:51.618000+00:00,11253,16,2.769,1.74,1281
2026-03-29T05:27:56.012000+00:00,11253,16,2.827,1.815,1281
2026-03-29T05:28:00.243000+00:00,11253,16,2.867,1.874,1281
2026-03-29T05:28:03.114000+00:00,11253,16,2.933,1.946,1281
2026-03-29T05:28:07.902000+00:00,11253,16,2.988,2.066,1281
2026-03-29T05:28:11.705000+00:00,11253,16,3.103,2.165,1281
2026-03-29T05:28:16.335000+00:00,11253,16,3.178,2.236,1281
2026-03-29T05:28:18.862000+00:00,11253,16,3.245,2.267,1281
2026-03-29T05:28:20.404000+00:00,11253,16,3.27,2.276,1281
2026-03-29T05:28:21.115000+00:00,11253,16,3.275,2.278,1281
2026-03-29T05:28:21.863000+00:00,11253,16,3.283,2.288,1281
2026-03-29T05:28:26.219000+00:00,11253,16,3.255,2.335,1281
2026-03-29T05:28:28.362000+00:00,11253,16,3.163,2.317,1281
2026-03-29T05:28:31.755000+00:00,11253,16,3.074,2.214,1281
2026-03-29T05:28:35.186000+00:00,11253,16,3.062,2.143,1281
2026-03-29T05:28:38.565000+00:00,11253,16,3.078,2.146,1281
2026-03-29T05:28:42.039000+00:00,11253,16,3.091,2.187,1281
2026-03-29T05:28:48.530000+00:00,11253,16,2.99,2.147,1281
2026-03-29T05:28:52.479000+00:00,11253,16,3.005,2.162,1281
2026-03-29T05:28:56.163000+00:00,11253,16,3.09,2.37,1281
2026-03-29T05:28:59.476000+00:00,11253,16,3.13,2.495,1281
2026-03-29T05:29:04.530000+00:00,11253,16,3.19,2.442,1281
2026-03-29T05:29:08.677000+00:00,11253,16,3.227,2.475,1281
2026-03-29T05:29:14.052000+00:00,11253,16,3.211,2.346,1281
2026-03-29T05:29:18.255000+00:00,11253,16,3.249,2.358,1281
2026-03-29T05:29:20.953000+00:00,11253,16,3.257,2.367,1281
2026-03-29T05:29:24.029000+00:00,11253,16,3.284,2.411,1281
2026-03-29T05:29:27.244000+00:00,11253,16,3.269,2.416,1281
2026-03-29T05:29:31.607000+00:00,11253,16,3.268,2.366,1281
2026-03-29T05:29:35.809000+00:00,11253,16,3.276,2.392,1281
2026-03-29T05:29:38.519000+00:00,11253,16,3.239,2.409,1281
2026-03-29T05:29:43.181000+00:00,11253,16,3.123,2.43,1281
2026-03-29T05:29:46.895000+00:00,11253,16,3.14,2.483,1281
2026-03-29T05:29:51.504000+00:00,11253,16,3.252,2.445,1281
2026-03-29T05:29:54.054000+00:00,11253,16,3.299,2.484,1281
2026-03-29T05:29:55.584000+00:00,11253,16,3.308,2.486,1281
2026-03-29T05:29:56.226000+00:00,11253,16,3.311,2.487,1281
2026-03-29T05:29:57+00:00,11253,16,3.318,2.498,1281
2026-03-29T05:30:01.421000+00:00,11253,16,3.327,2.629,1281
2026-03-29T05:30:03.691000+00:00,11253,16,3.314,2.721,1281
2026-03-29T05:30:06.826000+00:00,11253,16,3.297,2.647,1281
2026-03-29T05:30:10.595000+00:00,11253,16,3.259,2.544,1281
2026-03-29T05:30:13.957000+00:00,11253,16,3.287,2.55,1281
2026-03-29T05:30:17.395000+00:00,11253,16,3.269,2.541,1281
2026-03-29T05:30:23.937000+00:00,11253,16,3.239,2.424,1281
2026-03-29T05:30:27.937000+00:00,11253,16,3.339,2.487,1281
2026-03-29T05:30:31.647000+00:00,11253,16,3.314,2.594,1281
2026-03-29T05:30:34.705000+00:00,11253,16,3.27,2.624,1281
2026-03-29T05:30:39.726000+00:00,11253,16,3.2,2.444,1281
2026-03-29T05:30:43.841000+00:00,11253,16,3.211,2.424,1281
2026-03-29T05:30:49.272000+00:00,11253,16,3.21,2.388,1281
2026-03-29T05:30:53.452000+00:00,11253,16,3.216,2.364,1281
2026-03-29T05:30:56.152000+00:00,11253,16,3.16,2.322,1281
2026-03-29T05:30:59.122000+00:00,11253,16,3.127,2.324,1281
2026-03-29T05:31:02.356000+00:00,11253,16,3.167,2.293,1281
2026-03-29T05:31:06.720000+00:00,11253,16,3.157,2.262,1281
2026-03-29T05:31:10.986000+00:00,11253,16,,2.279,1281
2026-03-29T05:31:13.661000+00:00,11253,16,3.105,2.316,1281
2026-03-29T05:31:18.403000+00:00,11253,16,3.004,2.403,1281
2026-03-29T05:31:22.104000+00:00,11253,16,2.998,2.414,1281
2026-03-29T05:31:26.616000+00:00,11253,16,2.98,2.278,1281
2026-03-29T05:31:29.190000+00:00,11253,16,3.006,2.292,1281
2026-03-29T05:31:30.952000+00:00,11253,16,3.03,2.3,1281
2026-03-29T05:31:31.424000+00:00,11253,16,3.037,2.302,1281
2026-03-29T05:31:32.137000+00:00,11253,16,3.044,2.311,1281
2026-03-29T05:31:36.653000+00:00,11253,16,3.106,2.51,1281
2026-03-29T05:31:38.954000+00:00,11253,16,3.117,2.636,1281
2026-03-29T05:31:42.146000+00:00,11253,16,3.101,2.588,1281
2026-03-29T05:31:45.815000+00:00,11253,16,3.02,2.431,1281
2026-03-29T05:31:49.247000+00:00,11253,16,3.03,2.433,1281
2026-03-29T05:31:52.625000+00:00,11253,16,2.997,2.376,1281
2026-03-29T05:31:59.169000+00:00,11253,16,2.931,2.284,1281
2026-03-29T05:32:03.172000+00:00,11253,16,2.996,2.313,1281
2026-03-29T05:32:06.739000+00:00,11253,16,3.028,2.418,1281
2026-03-29T05:32:09.944000+00:00,11253,16,3.038,2.428,1281
2026-03-29T05:32:14.947000+00:00,11253,16,3.042,2.301,1281
2026-03-29T05:32:19.061000+00:00,11253,16,3.041,2.257,1281
2026-03-29T05:32:24.457000+00:00,11253,16,3.092,2.153,1281
2026-03-29T05:32:28.638000+00:00,11253,16,3.116,2.137,1281
2026-03-29T05:32:31.297000+00:00,11253,16,3.057,2.084,1281
2026-03-29T05:32:34.289000+00:00,11253,16,3.026,2.09,1281
2026-03-29T05:32:37.522000+00:00,11253,16,3.052,2.139,1281
2026-03-29T05:32:41.894000+00:00,11253,16,3.043,2.169,1281
2026-03-29T05:32:46.099000+00:00,11253,16,3.046,2.216,1281
2026-03-29T05:32:48.807000+00:00,11253,16,3.006,2.254,1281
2026-03-29T05:32:53.512000+00:00,11253,16,2.917,2.335,1281
2026-03-29T05:32:57.271000+00:00,11253,16,3.013,2.427,1281
2026-03-29T05:33:01.814000+00:00,11253,16,3.077,2.398,1281
2026-03-29T05:33:04.372000+00:00,11253,16,3.107,2.408,1281
2026-03-29T05:33:05.899000+00:00,11253,16,3.124,2.418,1281
2026-03-29T05:33:06.631000+00:00,11253,16,3.131,2.424,1281
2026-03-29T05:33:07.355000+00:00,11253,16,3.137,2.434,1281
2026-03-29T05:33:11.798000+00:00,11253,16,3.188,2.559,1281
2026-03-29T05:33:14.165000+00:00,11253,16,3.196,2.646,1281
2026-03-29T05:33:17.195000+00:00,11253,16,3.14,2.532,1281
2026-03-29T05:33:20.973000+00:00,11253,16,3.162,2.449,1281
2026-03-29T05:33:24.359000+00:00,11253,16,3.219,2.471,1281
2026-03-29T05:33:27.851000+00:00,11253,16,3.305,2.487,1281
2026-03-29T05:33:34.441000+00:00,11253,16,3.402,2.494,1281
2026-03-29T05:33:38.428000+00:00,11253,16,3.489,2.474,1281
2026-03-29T05:33:42.013000+00:00,11253,16,3.519,2.588,1281
2026-03-29T05:33:45.217000+00:00,11253,16,3.561,2.697,1281
2026-03-29T05:33:50.263000+00:00,11253,16,3.565,2.589,1281
2026-03-29T05:33:54.387000+00:00,11253,16,3.599,2.62,1281
2026-03-29T05:33:59.772000+00:00,11253,16,3.573,2.549,1281
2026-03-29T05:34:03.953000+00:00,11253,16,3.599,2.553,1281
2026-03-29T05:34:06.619000+00:00,11253,16,3.548,2.503,1281
2026-03-29T05:34:09.675000+00:00,11253,16,3.539,2.504,1281
2026-03-29T05:34:12.902000+00:00,11253,16,3.566,2.559,1281
2026-03-29T05:34:17.294000+00:00,11253,16,3.579,2.534,1281
2026-03-29T05:34:21.497000+00:00,11253,16,3.581,2.508,1281
2026-03-29T05:34:24.217000+00:00,11253,16,3.548,2.518,1281
2026-03-29T05:34:28.933000+00:00,11253,16,3.466,2.555,1281
2026-03-29T05:34:32.708000+00:00,11253,16,3.559,2.637,1281
2026-03-29T05:34:37.248000+00:00,11253,16,3.665,2.604,1281
2026-03-29T05:34:39.804000+00:00,11253,16,3.678,2.586,1281
2026-03-29T05:34:41.325000+00:00,11253,16,3.679,2.582,1281
2026-03-29T05:34:41.989000+00:00,11253,16,3.684,2.585,1281
2026-03-29T05:34:42.777000+00:00,11253,16,3.689,2.593,1281
2026-03-29T05:34:47.075000+00:00,11253,16,3.625,2.619,1281
2026-03-29T05:34:49.227000+00:00,11253,16,3.565,2.636,1281
2026-03-29T05:34:52.425000+00:00,11253,16,3.561,2.583,1281
2026-03-29T05:34:56.203000+00:00,11253,16,3.608,2.648,1281
2026-03-29T05:34:59.628000+00:00,11253,16,3.636,2.671,1281
2026-03-29T05:35:03.063000+00:00,11253,16,3.677,2.685,1281
2026-03-29T05:35:09.643000+00:00,11253,16,3.703,2.636,1281
2026-03-29T05:35:13.623000+00:00,11253,16,3.761,2.703,1281
2026-03-29T05:35:17.315000+00:00,11253,16,3.852,2.87,1281
2026-03-29T05:35:20.510000+00:00,11253,16,3.878,2.958,1281
2026-03-29T05:35:25.512000+00:00,11253,16,3.847,2.852,1281
2026-03-29T05:35:29.675000+00:00,11253,16,3.877,2.838,1281
2026-03-29T05:35:35.102000+00:00,11253,16,3.872,2.76,1281
2026-03-29T05:35:39.297000+00:00,11253,16,3.9,2.77,1281
2026-03-29T05:35:41.980000+00:00,11253,16,3.88,2.748,1281
2026-03-29T05:35:45.046000+00:00,11253,16,3.874,2.765,1281
2026-03-29T05:35:48.261000+00:00,11253,16,3.888,2.769,1281
2026-03-29T05:35:52.661000+00:00,11253,16,3.907,2.761,1281
2026-03-29T05:35:56.847000+00:00,11253,16,3.925,2.785,1281
2026-03-29T05:35:59.587000+00:00,11253,16,3.899,2.8,1281
2026-03-29T05:36:04.329000+00:00,11253,16,3.837,2.843,1281
2026-03-29T05:36:08.017000+00:00,11253,16,3.833,2.848,1281
2026-03-29T05:36:12.717000+00:00,11253,16,3.912,2.867,1281
2026-03-29T05:36:15.076000+00:00,11253,16,3.897,2.802,1281
2026-03-29T05:36:16.609000+00:00,11253,16,3.894,2.791,1281
2026-03-29T05:36:17.297000+00:00,11253,16,3.893,2.789,1281
2026-03-29T05:36:18.072000+00:00,11253,16,3.899,2.797,1281
2026-03-29T05:36:22.375000+00:00,11253,16,3.849,2.827,1281
2026-03-29T05:36:24.598000+00:00,11253,16,3.794,2.852,1281
2026-03-29T05:36:27.779000+00:00,11253,16,3.786,2.842,1281
2026-03-29T05:36:31.521000+00:00,11253,16,3.762,2.753,1281
2026-03-29T05:36:34.892000+00:00,11253,16,3.812,2.789,1281
2026-03-29T05:36:38.296000+00:00,11253,16,3.824,2.779,1281
2026-03-29T05:36:44.871000+00:00,11253,16,3.926,2.764,1281
2026-03-29T05:36:48.897000+00:00,11253,16,4.022,2.821,1281
2026-03-29T05:36:52.636000+00:00,11253,16,4.158,2.958,1281
2026-03-29T05:36:55.863000+00:00,11253,16,4.221,3.048,1281
2026-03-29T05:37:00.916000+00:00,11253,16,4.258,3.01,1281
2026-03-29T05:37:05.005000+00:00,11253,16,4.3,2.973,1281
2026-03-29T05:37:10.449000+00:00,11253,16,4.304,2.942,1281
2026-03-29T05:37:14.657000+00:00,11253,16,4.323,2.935,1281
2026-03-29T05:37:17.315000+00:00,11253,16,4.295,2.915,1281
2026-03-29T05:37:20.366000+00:00,11253,16,4.282,2.931,1281
2026-03-29T05:37:23.550000+00:00,11253,16,4.238,2.929,1281
2026-03-29T05:37:27.908000+00:00,11253,16,4.282,2.909,1281
2026-03-29T05:37:32.154000+00:00,11253,16,4.31,2.921,1281
2026-03-29T05:37:34.876000+00:00,11253,16,4.286,2.941,1281
2026-03-29T05:37:39.660000+00:00,11253,16,4.241,3.006,1281
2026-03-29T05:37:43.513000+00:00,11253,16,4.346,0.067,1281
2026-03-29T05:37:48.430000+00:00,11253,16,4.936,0.297,1281
2026-03-29T05:37:51.051000+00:00,11253,16,4.908,0.271,1281
2026-03-29T05:37:52.525000+00:00,11253,16,4.901,0.247,1281
2026-03-29T05:37:53.233000+00:00,11253,16,4.9,0.229,1281
2026-03-29T05:37:53.984000+00:00,11253,16,4.897,0.195,1281
2026-03-29T05:37:58.447000+00:00,11253,16,4.982,3.727,1281
2026-03-29T05:38:00.747000+00:00,11253,16,5.027,3.852,1281
2026-03-29T05:38:03.965000+00:00,11253,16,5.074,3.892,1281
2026-03-29T05:38:07.694000+00:00,11253,16,5.043,3.804,1281
2026-03-29T05:38:11.101000+00:00,11253,16,5.105,3.806,1281
2026-03-29T05:38:14.575000+00:00,11253,16,5.129,3.839,1281
2026-03-29T05:38:21.047000+00:00,11253,16,5.135,3.722,1281
2026-03-29T05:38:25.091000+00:00,11253,16,5.257,3.776,1281
2026-03-29T05:38:28.695000+00:00,11253,16,5.288,3.747,1281
2026-03-29T05:38:31.905000+00:00,11253,16,5.343,3.792,1281
2026-03-29T05:38:36.922000+00:00,11253,16,5.365,3.728,1281
2026-03-29T05:38:40.967000+00:00,11253,16,5.319,3.678,1281
2026-03-29T05:38:46.493000+00:00,11253,16,5.321,3.579,1281
2026-03-29T05:38:50.584000+00:00,11253,16,5.324,3.577,1281
2026-03-29T05:38:53.177000+00:00,11253,16,5.221,3.481,1281
2026-03-29T05:38:56.223000+00:00,11253,16,5.215,3.499,1281
2026-03-29T05:38:59.469000+00:00,11253,16,5.265,3.592,1281
2026-03-29T05:39:03.852000+00:00,11253,16,5.304,3.532,1281
2026-03-29T05:39:08.072000+00:00,11253,16,5.34,3.555,1281
2026-03-29T05:39:10.832000+00:00,11253,16,5.253,3.501,1281
2026-03-29T05:39:15.325000+00:00,11253,16,5.066,3.393,1281
2026-03-29T05:39:19.214000+00:00,11253,16,5.277,3.591,1281
2026-03-29T05:39:23.756000+00:00,11253,16,5.305,3.594,1281
2026-03-29T05:39:26.313000+00:00,11253,16,5.299,3.591,1281
2026-03-29T05:39:27.806000+00:00,11253,16,5.308,3.596,1281
2026-03-29T05:39:28.519000+00:00,11253,16,5.314,3.599,1281
2026-03-29T05:39:29.297000+00:00,11253,16,5.319,3.606,1281
2026-03-29T05:39:33.749000+00:00,11253,16,5.401,3.738,1281
2026-03-29T05:39:36.027000+00:00,11253,16,5.429,3.816,1281
2026-03-29T05:39:39.147000+00:00,11253,16,5.387,3.795,1281
2026-03-29T05:39:42.877000+00:00,11253,16,5.406,3.797,1281
2026-03-29T05:39:46.325000+00:00,11253,16,5.461,3.791,1281
2026-03-29T05:39:49.739000+00:00,11253,16,5.499,3.831,1281
2026-03-29T05:39:56.277000+00:00,11253,16,5.429,3.744,1281
2026-03-29T05:40:00.293000+00:00,11253,16,5.55,3.833,1281
2026-03-29T05:40:03.932000+00:00,11253,16,5.587,3.835,1281
2026-03-29T05:40:07.064000+00:00,11253,16,5.591,3.91,1281
2026-03-29T05:40:12.095000+00:00,11253,16,5.617,3.835,1281
2026-03-29T05:40:16.175000+00:00,11253,16,5.612,3.745,1281
2026-03-29T05:40:21.526000+00:00,11253,16,5.541,3.658,1281
2026-03-29T05:40:25.687000+00:00,11253,16,5.53,3.636,1281
2026-03-29T05:40:28.299000+00:00,11253,16,5.436,3.556,1281
2026-03-29T05:40:31.305000+00:00,11253,16,5.373,3.527,1281
2026-03-29T05:40:34.478000+00:00,11253,16,5.353,3.529,1281
2026-03-29T05:40:39.059000+00:00,11253,16,5.514,3.734,1281
2026-03-29T05:40:43.223000+00:00,11253,16,5.509,3.724,1281
2026-03-29T05:40:45.963000+00:00,11253,16,5.481,3.732,1281
2026-03-29T05:40:50.800000+00:00,11253,16,5.42,3.755,1281
2026-03-29T05:40:54.281000+00:00,11253,16,5.276,3.584,1281
2026-03-29T05:40:58.810000+00:00,11253,16,5.405,3.602,1281
2026-03-29T05:41:01.517000+00:00,11253,16,5.601,3.782,1281
2026-03-29T05:41:32.644000+00:00,11253,16,27.09,7.415,1281
2026-03-29T05:41:36.201000+00:00,11253,16,27.542,7.813,1281
2026-03-29T05:41:39.969000+00:00,11253,16,27.535,7.781,1281
2026-03-29T05:41:43.344000+00:00,11253,16,27.567,7.773,1281
2026-03-29T05:41:46.760000+00:00,11253,16,27.602,7.693,1281
2026-03-29T05:41:53.074000+00:00,11253,16,27.339,7.306,1281
2026-03-29T05:41:56.983000+00:00,11253,16,27.268,7.229,1281
2026-03-29T05:42:00.605000+00:00,11253,16,27.318,7.313,1281
2026-03-29T05:42:03.836000+00:00,11253,16,27.353,7.316,1281
2026-03-29T05:42:08.783000+00:00,11253,16,27.278,7.18,1281
2026-03-29T05:42:12.844000+00:00,11253,16,27.296,7.16,1281
2026-03-29T05:42:18.230000+00:00,11253,16,27.233,7.154,1281
2026-03-29T05:42:22.415000+00:00,11253,16,27.258,7.144,1281
2026-03-29T05:42:25.103000+00:00,11253,16,27.259,7.159,1281
2026-03-29T05:42:28.167000+00:00,11253,16,27.278,7.179,1281
2026-03-29T05:42:31.351000+00:00,11253,16,27.234,7.081,1281
2026-03-29T05:42:35.715000+00:00,11253,16,25.367,6.947,1281
2026-03-29T05:42:39.819000+00:00,11253,16,25.37,6.945,1281
2026-03-29T05:42:42.571000+00:00,11253,16,25.413,6.992,1281
2026-03-29T05:42:47.369000+00:00,11253,16,25.512,7.092,1281
2026-03-29T05:42:51.087000+00:00,11253,16,25.561,7.13,1281
2026-03-29T05:42:55.588000+00:00,11253,16,25.563,7.059,1281
2026-03-29T05:42:58.130000+00:00,11253,16,25.575,7.065,1281
2026-03-29T05:42:59.625000+00:00,11253,16,25.564,7.051,1281
2026-03-29T05:43:00.293000+00:00,11253,16,25.559,7.045,1281
2026-03-29T05:43:01.044000+00:00,11253,16,25.57,7.053,1281
2026-03-29T05:43:05.624000+00:00,11253,16,25.746,,1281
2026-03-29T05:43:07.986000+00:00,11253,16,25.838,5.346,1281
2026-03-29T05:43:11.465000+00:00,11253,16,25.944,4.947,1281
2026-03-29T05:43:14.792000+00:00,11253,16,25.77,4.729,1281
2026-03-29T05:43:18.153000+00:00,11253,16,25.725,4.684,1281
2026-03-29T05:43:21.546000+00:00,11253,16,25.72,4.673,1281
2026-03-29T05:43:27.937000+00:00,11253,16,25.47,4.637,1281
2026-03-29T05:43:31.906000+00:00,11253,16,25.521,4.696,1281
2026-03-29T05:43:35.472000+00:00,11253,16,25.482,4.766,1281
2026-03-29T05:43:38.617000+00:00,11253,16,25.443,4.681,1281
2026-03-29T05:43:43.859000+00:00,11253,16,25.302,4.598,1281
2026-03-29T05:43:47.576000+00:00,11253,16,25.23,4.635,1281
2026-03-29T05:43:52.964000+00:00,11253,16,25.145,4.665,1281
2026-03-29T05:43:57.120000+00:00,11253,16,25.146,4.716,1281
2026-03-29T05:43:59.712000+00:00,11253,16,25.051,4.633,1281
2026-03-29T05:44:02.714000+00:00,11253,16,25.017,4.597,1281
2026-03-29T05:44:05.904000+00:00,11253,16,25.109,4.547,1281
2026-03-29T05:44:10.186000+00:00,11253,16,25.059,4.509,1281
2026-03-29T05:44:14.379000+00:00,11253,16,25.058,4.569,1281
2026-03-29T05:44:17.093000+00:00,11253,16,25.045,4.604,1281
2026-03-29T05:44:21.785000+00:00,11253,16,24.997,4.684,1281
2026-03-29T05:44:25.581000+00:00,11253,16,25.063,4.833,1281
2026-03-29T05:44:30.023000+00:00,11253,16,25.033,4.798,1281
2026-03-29T05:44:32.570000+00:00,11253,16,25.012,4.751,1281
2026-03-29T05:44:34.034000+00:00,11253,16,25.007,4.743,1281
2026-03-29T05:44:34.728000+00:00,11253,16,25.005,4.742,1281
2026-03-29T05:44:35.473000+00:00,11253,16,25.009,4.75,1281
2026-03-29T05:44:39.951000+00:00,11253,16,25.092,4.917,1281
2026-03-29T05:44:42.214000+00:00,11253,16,25.137,5.031,1281
2026-03-29T05:44:45.402000+00:00,11253,16,25.159,5.072,1281
2026-03-29T05:44:49.069000+00:00,11253,16,25.051,4.992,1281
2026-03-29T05:44:52.439000+00:00,11253,16,25.068,5.042,1281
2026-03-29T05:44:55.814000+00:00,11253,16,25.11,4.973,1281
2026-03-29T05:45:02.256000+00:00,11253,16,25.019,4.851,1281
2026-03-29T05:45:06.199000+00:00,11253,16,25.068,4.866,1281
2026-03-29T05:45:09.807000+00:00,11253,16,25.114,4.898,1281
2026-03-29T05:45:12.974000+00:00,11253,16,25.145,4.79,1281
2026-03-29T05:45:17.864000+00:00,11253,16,25.016,4.666,1281
2026-03-29T05:45:21.985000+00:00,11253,16,25.014,4.663,1281
2026-03-29T05:45:27.349000+00:00,11253,16,24.896,4.548,1281
2026-03-29T05:45:31.504000+00:00,11253,16,24.886,4.588,1281
2026-03-29T05:45:34.047000+00:00,11253,16,24.787,4.508,1281
2026-03-29T05:45:37.023000+00:00,11253,16,24.734,4.488,1281
2026-03-29T05:45:40.198000+00:00,11253,16,24.774,4.365,1281
2026-03-29T05:45:44.557000+00:00,11253,16,24.749,4.269,1281
2026-03-29T05:45:48.646000+00:00,11253,16,24.734,4.32,1281
2026-03-29T05:45:51.401000+00:00,11253,16,24.706,4.402,1281
2026-03-29T05:45:56.080000+00:00,11253,16,24.636,4.583,1281
2026-03-29T05:45:59.889000+00:00,11253,16,24.769,4.548,1281
2026-03-29T05:46:04.374000+00:00,11253,16,24.784,4.288,1281
2026-03-29T05:46:06.914000+00:00,11253,16,24.749,4.246,1281
2026-03-29T05:46:08.352000+00:00,11253,16,24.747,4.234,1281
2026-03-29T05:46:08.995000+00:00,11253,16,,4.231,1281
2026-03-29T05:46:09.774000+00:00,11253,16,24.752,4.242,1281
2026-03-29T05:46:14.177000+00:00,11253,16,24.805,4.519,1281
2026-03-29T05:46:16.478000+00:00,11253,16,24.822,4.514,1281
2026-03-29T05:46:19.628000+00:00,11253,16,24.857,4.18,1281
2026-03-29T05:46:23.232000+00:00,11253,16,24.742,3.965,1281
2026-03-29T05:46:26.603000+00:00,11253,16,24.767,3.866,1281
2026-03-29T05:46:29.926000+00:00,11253,16,24.754,3.615,1281
2026-03-29T05:46:36.358000+00:00,11253,16,24.66,3.271,1281
2026-03-29T05:46:40.265000+00:00,11253,16,24.646,3.207,1281
2026-03-29T05:46:43.830000+00:00,11253,16,24.648,3.27,1281
2026-03-29T05:46:47.006000+00:00,11253,16,24.653,3.141,1281
2026-03-29T05:46:51.931000+00:00,11253,16,24.598,2.932,1281
2026-03-29T05:46:56.037000+00:00,11253,16,24.587,2.933,1281
2026-03-29T05:47:01.506000+00:00,11253,16,24.598,2.912,1281
2026-03-29T05:47:05.606000+00:00,11253,16,24.596,2.899,1281
2026-03-29T05:47:08.244000+00:00,11253,16,24.542,2.848,1281
2026-03-29T05:47:11.230000+00:00,11253,16,24.51,2.824,1281
2026-03-29T05:47:14.381000+00:00,11253,16,24.573,2.717,1281
2026-03-29T05:47:18.684000+00:00,11253,16,24.616,2.573,1281
2026-03-29T05:47:22.887000+00:00,11253,16,22.524,2.572,1281
2026-03-29T05:47:25.583000+00:00,11253,16,22.529,2.599,1281
2026-03-29T05:47:30.269000+00:00,11253,16,22.526,2.659,1281
2026-03-29T05:47:33.922000+00:00,11253,16,22.568,2.718,1281
2026-03-29T05:47:38.478000+00:00,11253,16,22.684,2.613,1281
2026-03-29T05:47:40.956000+00:00,11253,16,22.63,2.58,1281
2026-03-29T05:47:42.439000+00:00,11253,16,22.629,2.568,1281
2026-03-29T05:47:43.135000+00:00,11253,16,22.632,2.564,1281
2026-03-29T05:47:43.890000+00:00,11253,16,22.634,2.566,1281
2026-03-29T05:47:48.293000+00:00,11253,16,22.688,2.558,1281
2026-03-29T05:47:50.552000+00:00,11253,16,22.705,2.568,1281
2026-03-29T05:47:53.685000+00:00,11253,16,22.711,2.347,1281
2026-03-29T05:47:57.415000+00:00,11253,16,22.759,2.173,1281
2026-03-29T05:48:00.805000+00:00,11253,16,22.836,2.131,1281
2026-03-29T05:48:04.127000+00:00,11253,16,22.751,1.901,1281
2026-03-29T05:48:10.612000+00:00,11253,16,22.818,1.699,1281
2026-03-29T05:48:14.862000+00:00,11253,16,23.191,1.982,1281
2026-03-29T05:48:21.875000+00:00,11253,16,26.659,2.705,1281
2026-03-29T05:48:26.939000+00:00,11253,16,28.604,2.645,1281
2026-03-29T05:48:33.795000+00:00,11253,16,30.442,2.411,1281
2026-03-29T05:48:38.626000+00:00,11253,16,31.091,2.659,1281
2026-03-29T05:48:44.594000+00:00,11253,16,31.661,2.505,1281
2026-03-29T05:48:51.476000+00:00,11253,16,30.893,1.08,1281
2026-03-29T05:48:55.835000+00:00,11253,16,31.171,0.736,1281
2026-03-29T05:49:00.851000+00:00,11253,16,32.058,1.19,1281
2026-03-29T05:49:05.622000+00:00,11253,16,32.155,1.116,1281
2026-03-29T05:49:11.202000+00:00,11253,16,32.604,0.592,1281
2026-03-29T05:49:16.082000+00:00,11253,16,31.668,0.722,1281
2026-03-29T05:49:19.471000+00:00,11253,16,30.848,1.048,1281
2026-03-29T05:49:25.153000+00:00,11253,16,29.314,1.295,1281
2026-03-29T05:49:30.091000+00:00,11253,16,29.38,2.131,1281
2026-03-29T05:49:36.277000+00:00,11253,16,30.901,1.932,1281
2026-03-29T05:49:39.912000+00:00,11253,16,30.885,2.097,1281
2026-03-29T05:49:44.184000+00:00,11253,16,29.564,1.116,1281
2026-03-29T05:49:53.565000+00:00,11253,16,12.58,3.798,1281
2026-03-29T05:49:58.035000+00:00,11253,16,11.188,2.732,1281
2026-03-29T05:50:02.640000+00:00,11253,16,9.924,2.165,1281
2026-03-29T05:50:06.938000+00:00,11253,16,9.588,2.061,1281
2026-03-29T05:50:11.552000+00:00,11253,16,9.503,1.261,1281
2026-03-29T05:50:20.118000+00:00,11253,16,10.375,1.539,1281
2026-03-29T05:50:24.466000+00:00,11253,16,10.061,1.744,1281
2026-03-29T05:50:28.891000+00:00,11253,16,10.62,0.808,1281
2026-03-29T05:50:32.680000+00:00,11253,16,10.795,1.02,1281
2026-03-29T05:50:39.560000+00:00,11253,16,12.187,2.342,1281
2026-03-29T05:50:45.692000+00:00,11253,16,13.589,1.612,1281
2026-03-29T05:50:52.683000+00:00,11253,16,13.59,2.095,1281
2026-03-29T05:51:01.495000+00:00,11253,16,13.053,1.816,1281
2026-03-29T05:51:04.693000+00:00,11253,16,12.475,1.449,1281
2026-03-29T05:51:10.381000+00:00,11253,16,13.381,1.095,1281
2026-03-29T05:51:17.526000+00:00,11253,16,13.868,1.608,1281
2026-03-29T05:51:22.984000+00:00,11253,16,11.761,2.312,1281
2026-03-29T05:51:27.950000+00:00,11253,16,9.03,2.408,1281
2026-03-29T05:51:31.548000+00:00,11253,16,7.475,1.837,1281
2026-03-29T05:51:38.842000+00:00,11253,16,4.884,0.65,1281
2026-03-29T05:51:48.432000+00:00,11253,16,7.875,1.048,1281
2026-03-29T05:51:54.834000+00:00,11253,16,8.285,2.406,1281
2026-03-29T05:51:58.096000+00:00,11253,16,7.528,2.814,1281
2026-03-29T05:52:00.431000+00:00,11253,16,7.785,2.084,1281
2026-03-29T05:52:01.361000+00:00,11253,16,7.836,1.652,1281
2026-03-29T05:52:02.297000+00:00,11253,16,7.811,1.322,1281
2026-03-29T05:52:07.220000+00:00,11253,16,7.025,0.775,1281
2026-03-29T05:52:09.632000+00:00,11253,16,6.698,0.768,1281
2026-03-29T05:52:13.326000+00:00,11253,16,4.954,1.01,1281
2026-03-29T05:52:20.602000+00:00,11253,16,5.998,1.753,1281
2026-03-29T05:52:25.409000+00:00,11253,16,6.568,1.703,1281
2026-03-29T05:52:29.242000+00:00,11253,16,4.631,0.908,1281
2026-03-29T05:52:38.708000+00:00,11253,16,4.615,1.019,1281
2026-03-29T05:52:45.452000+00:00,11253,16,4.756,0.832,1281
2026-03-29T05:52:52.858000+00:00,11253,16,6.787,1.395,1281
2026-03-29T05:52:56.633000+00:00,11253,16,4.616,0.991,1281
2026-03-29T05:53:05.725000+00:00,11253,16,5.735,1.535,1281
2026-03-29T05:53:11.071000+00:00,11253,16,5.497,1.364,1281
2026-03-29T05:53:19.915000+00:00,11253,16,5.892,0.8,1281
2026-03-29T05:53:26.112000+00:00,11253,16,6.868,1.019,1281
2026-03-29T05:53:29.014000+00:00,11253,16,5.681,0.954,1281
2026-03-29T05:53:36.906000+00:00,11253,16,6.125,1.059,1281
2026-03-29T05:53:47.171000+00:00,11253,16,8.274,0.94,1281
2026-03-29T05:53:54.208000+00:00,11253,16,6.684,2.453,1281
2026-03-29T05:53:59.330000+00:00,11253,16,5.918,1.565,1281
2026-03-29T05:54:03.290000+00:00,11253,16,5.77,0.557,1281
2026-03-29T05:54:11.034000+00:00,11253,16,5.557,0.914,1281
2026-03-29T05:54:16.003000+00:00,11253,16,5.011,0.615,1281
2026-03-29T05:54:22.483000+00:00,11253,16,5.431,1.243,1281
2026-03-29T05:54:25.395000+00:00,11253,16,4.687,0.888,1281
2026-03-29T05:54:27.504000+00:00,11253,16,4.734,0.929,1281
2026-03-29T05:54:28.448000+00:00,11253,16,4.747,0.933,1281
2026-03-29T05:54:29.319000+00:00,11253,16,4.645,0.863,1281
2026-03-29T05:54:34.726000+00:00,11253,16,3.832,0.425,1281
2026-03-29T05:54:38.288000+00:00,11253,16,4.355,0.362,1281
2026-03-29T05:54:45.103000+00:00,11253,16,5.904,1.053,1281
2026-03-29T05:54:49.562000+00:00,11253,16,4.529,0.685,1281
2026-03-29T05:54:55.634000+00:00,11253,16,6.281,1.604,1281
2026-03-29T05:54:59.670000+00:00,11253,16,4.69,0.787,1281
2026-03-29T05:55:09.405000+00:00,11253,16,4.762,1.359,1281
2026-03-29T05:55:15.465000+00:00,11253,16,4.529,1.018,1281
2026-03-29T05:55:21.185000+00:00,11253,16,5.318,0.508,1281
2026-03-29T05:55:25.994000+00:00,11253,16,4.903,0.876,1281
2026-03-29T05:55:33.931000+00:00,11253,16,5.335,1.423,1281
2026-03-29T05:55:39.546000+00:00,11253,16,5.563,1.475,1281
2026-03-29T05:55:48.116000+00:00,11253,16,6.452,1.625,1281
2026-03-29T05:55:54.893000+00:00,11253,16,7.47,1.546,1281
2026-03-29T05:55:58.073000+00:00,11253,16,5.461,1.463,1281
2026-03-29T05:56:07.871000+00:00,11253,16,6.404,1.548,1281
2026-03-29T05:56:17.430000+00:00,11253,16,7.951,1.147,1281
2026-03-29T05:56:23.950000+00:00,11253,16,7.019,2.716,1281
2026-03-29T05:56:29.099000+00:00,11253,16,5.718,1.828,1281
2026-03-29T05:56:32.925000+00:00,11253,16,5.002,1.338,1281
2026-03-29T05:56:40.752000+00:00,11253,16,5.03,1.233,1281
2026-03-29T05:56:46.829000+00:00,11253,16,5.886,1.51,1281
2026-03-29T05:56:52.424000+00:00,11253,16,5.463,2.202,1281
2026-03-29T05:56:56.771000+00:00,11253,16,5.886,2.079,1281
2026-03-29T05:56:58.981000+00:00,11253,16,5.592,1.434,1281
2026-03-29T05:56:59.886000+00:00,11253,16,5.508,1.219,1281
2026-03-29T05:57:00.805000+00:00,11253,16,5.485,0.992,1281
2026-03-29T05:57:07.278000+00:00,11253,16,5.682,0.689,1281
2026-03-29T05:57:10.910000+00:00,11253,16,6.155,0.503,1281
2026-03-29T05:57:14.906000+00:00,11253,16,4.878,0.717,1281
2026-03-29T05:57:20.649000+00:00,11253,16,4.526,0.75,1281
2026-03-29T05:57:26.993000+00:00,11253,16,6.307,1.613,1281
2026-03-29T05:57:31.212000+00:00,11253,16,4.573,1.194,1281
2026-03-29T05:57:40.985000+00:00,11253,16,4.398,0.977,1281
2026-03-29T05:57:47.631000+00:00,11253,16,4.21,1.244,1281
2026-03-29T05:57:54.516000+00:00,11253,16,4.416,1.163,1281
2026-03-29T05:57:59.227000+00:00,11253,16,3.558,0.749,1281
2026-03-29T05:58:07.646000+00:00,11253,16,4.414,1.37,1281
2026-03-29T05:58:14.283000+00:00,11253,16,5.703,0.9,1281
2026-03-29T05:58:20.734000+00:00,11253,16,4.915,1.839,1281
2026-03-29T05:58:25.306000+00:00,11253,16,3.709,1.142,1281
2026-03-29T05:58:29.896000+00:00,11253,16,3.846,0.782,1281
2026-03-29T05:58:35.911000+00:00,11253,16,3.813,0.928,1281
2026-03-29T05:58:42.089000+00:00,11253,16,4.283,0.596,1281
2026-03-29T05:58:48.557000+00:00,11253,16,4.108,1.81,1281
2026-03-29T05:58:54.040000+00:00,11253,16,3.729,1.015,1281
2026-03-29T05:58:57.679000+00:00,11253,16,3.806,0.566,1281
2026-03-29T05:59:05.775000+00:00,11253,16,4.417,0.982,1281
2026-03-29T05:59:12.552000+00:00,11253,16,5.699,1.513,1281
2026-03-29T05:59:18.140000+00:00,11253,16,4.82,2.227,1281
2026-03-29T05:59:22.822000+00:00,11253,16,5.373,1.289,1281
2026-03-29T05:59:25.696000+00:00,11253,16,6.043,1.836,1281
2026-03-29T05:59:26.554000+00:00,11253,16,6.108,1.888,1281
2026-03-29T05:59:27.509000+00:00,11253,16,6.117,1.928,1281
2026-03-29T05:59:32.483000+00:00,11253,16,5.587,2.017,1281
2026-03-29T05:59:34.992000+00:00,11253,16,5.242,1.894,1281
2026-03-29T05:59:38.426000+00:00,11253,16,3.535,1.478,1281
2026-03-29T05:59:44.165000+00:00,11253,16,3.564,1.166,1281
2026-03-29T05:59:49.752000+00:00,11253,16,4.718,2.088,1281
2026-03-29T05:59:53.977000+00:00,11253,16,3.35,0.7,1281
2026-03-29T06:00:03.649000+00:00,11253,16,3.641,0.902,1281
2026-03-29T06:00:10.105000+00:00,11253,16,3.666,0.69,1281
2026-03-29T06:00:15.510000+00:00,11253,16,4.637,0.692,1281
2026-03-29T06:00:19.818000+00:00,11253,16,3.442,0.939,1281
2026-03-29T06:00:28.168000+00:00,11253,16,4.424,1.032,1281
2026-03-29T06:00:33.329000+00:00,11253,16,4.032,1.0,1281
2026-03-29T06:00:40.862000+00:00,11253,16,3.954,1.194,1281
2026-03-29T06:00:46.722000+00:00,11253,16,4.607,1.125,1281
2026-03-29T06:00:49.895000+00:00,11253,16,4.479,0.447,1281
2026-03-29T06:00:53.808000+00:00,11253,16,3.977,0.551,1281
2026-03-29T06:00:58.653000+00:00,11253,16,3.413,0.544,1281
2026-03-29T06:01:05.965000+00:00,11253,16,3.576,1.119,1281
2026-03-29T06:01:14.169000+00:00,11253,16,2.967,1.149,1281
2026-03-29T06:01:20.659000+00:00,11253,16,2.223,0.811,1281
2026-03-29T06:01:32.272000+00:00,11253,16,1.656,0.717,1281
2026-03-29T06:01:39.151000+00:00,11253,16,1.609,0.449,1281
2026-03-29T06:01:44.041000+00:00,11253,16,1.947,0.412,1281
2026-03-29T06:01:46.732000+00:00,11253,16,1.973,0.374,1281
2026-03-29T06:01:48.198000+00:00,11253,16,2.022,0.34,1281
2026-03-29T06:01:48.922000+00:00,11253,16,2.032,0.33,1281
2026-03-29T06:01:49.638000+00:00,11253,16,2.028,0.32,1281
2026-03-29T06:01:53.923000+00:00,11253,16,1.993,0.321,1281
2026-03-29T06:01:56.122000+00:00,11253,16,2.051,0.314,1281
2026-03-29T06:01:59.515000+00:00,11253,16,2.25,0.25,1281
2026-03-29T06:02:03.526000+00:00,11253,16,2.526,0.318,1281
2026-03-29T06:02:06.934000+00:00,11253,16,2.668,0.388,1281
2026-03-29T06:02:10.484000+00:00,11253,16,2.794,0.451,1281
2026-03-29T06:02:17.140000+00:00,11253,16,3.239,0.605,1281
2026-03-29T06:02:21.058000+00:00,11253,16,3.39,0.677,1281
2026-03-29T06:02:24.615000+00:00,11253,16,3.427,0.565,1281
2026-03-29T06:02:27.894000+00:00,11253,16,3.474,0.535,1281
2026-03-29T06:02:32.912000+00:00,11253,16,3.618,0.573,1281
2026-03-29T06:02:37.008000+00:00,11253,16,3.574,0.556,1281
2026-03-29T06:02:42.411000+00:00,11253,16,3.658,0.559,1281
2026-03-29T06:02:46.493000+00:00,11253,16,3.624,0.505,1281
2026-03-29T06:02:49.050000+00:00,11253,16,3.515,0.314,1281
2026-03-29T06:02:52.030000+00:00,11253,16,3.437,0.177,1281
2026-03-29T06:02:55.428000+00:00,11253,16,3.549,0.424,1281
2026-03-29T06:02:59.785000+00:00,11253,16,3.657,0.589,1281
2026-03-29T06:03:03.905000+00:00,11253,16,3.638,0.591,1281
2026-03-29T06:03:06.615000+00:00,11253,16,3.593,0.563,1281
2026-03-29T06:03:11.325000+00:00,11253,16,3.423,0.501,1281
2026-03-29T06:03:14.982000+00:00,11253,16,3.447,0.539,1281
2026-03-29T06:03:19.541000+00:00,11253,16,3.63,0.571,1281
2026-03-29T06:03:22.034000+00:00,11253,16,3.635,0.651,1281
2026-03-29T06:03:23.520000+00:00,11253,16,3.661,0.668,1281
2026-03-29T06:03:24.198000+00:00,11253,16,3.67,0.677,1281
2026-03-29T06:03:24.947000+00:00,11253,16,3.666,0.687,1281
2026-03-29T06:03:29.145000+00:00,11253,16,3.459,0.73,1281
2026-03-29T06:03:31.357000+00:00,11253,16,3.298,0.76,1281
2026-03-29T06:03:34.350000+00:00,11253,16,3.227,0.668,1281
2026-03-29T06:03:38.030000+00:00,11253,16,3.293,0.541,1281
2026-03-29T06:03:41.417000+00:00,11253,16,3.423,0.564,1281
2026-03-29T06:03:44.816000+00:00,11253,16,3.527,0.617,1281
2026-03-29T06:03:51.338000+00:00,11253,16,3.775,0.764,1281
2026-03-29T06:03:55.264000+00:00,11253,16,3.947,0.898,1281
2026-03-29T06:03:58.856000+00:00,11253,16,3.992,1.047,1281
2026-03-29T06:04:02.060000+00:00,11253,16,4.031,1.063,1281
2026-03-29T06:04:07.067000+00:00,11253,16,4.124,0.965,1281
2026-03-29T06:04:11.131000+00:00,11253,16,4.05,0.885,1281
2026-03-29T06:04:16.426000+00:00,11253,16,4.095,0.93,1281
2026-03-29T06:04:20.527000+00:00,11253,16,4.068,0.877,1281
2026-03-29T06:04:23.138000+00:00,11253,16,4.067,0.77,1281
2026-03-29T06:04:26.174000+00:00,11253,16,,0.67,1281
2026-03-29T06:04:29.340000+00:00,11253,16,4.069,0.691,1281
2026-03-29T06:04:33.715000+00:00,11253,16,4.196,0.804,1281
2026-03-29T06:04:37.853000+00:00,11253,16,4.193,0.819,1281
2026-03-29T06:04:40.469000+00:00,11253,16,4.099,0.734,1281
2026-03-29T06:04:44.985000+00:00,11253,16,3.87,0.601,1281
2026-03-29T06:04:48.686000+00:00,11253,16,3.853,0.615,1281
2026-03-29T06:04:53.204000+00:00,11253,16,3.947,0.59,1281
2026-03-29T06:04:55.886000+00:00,11253,16,3.944,0.612,1281
2026-03-29T06:04:57.185000+00:00,11253,16,3.965,0.622,1281
2026-03-29T06:04:57.889000+00:00,11253,16,3.969,0.626,1281
2026-03-29T06:04:58.598000+00:00,11253,16,3.965,0.636,1281
2026-03-29T06:05:02.976000+00:00,11253,16,3.985,0.842,1281
2026-03-29T06:05:05.184000+00:00,11253,16,3.957,0.953,1281
2026-03-29T06:05:08.286000+00:00,11253,16,3.987,0.837,1281
2026-03-29T06:05:11.983000+00:00,11253,16,4.082,0.793,1281
2026-03-29T06:05:15.340000+00:00,11253,16,4.146,0.78,1281
2026-03-29T06:05:18.646000+00:00,11253,16,4.238,0.841,1281
2026-03-29T06:05:25.057000+00:00,11253,16,4.396,0.753,1281
2026-03-29T06:05:29.053000+00:00,11253,16,4.564,0.875,1281
2026-03-29T06:05:32.571000+00:00,11253,16,4.553,1.006,1281
2026-03-29T06:05:35.693000+00:00,11253,16,4.538,0.945,1281
2026-03-29T06:05:40.616000+00:00,11253,16,4.595,0.839,1281
2026-03-29T06:05:44.697000+00:00,11253,16,4.587,0.83,1281
2026-03-29T06:05:50.118000+00:00,11253,16,4.679,0.901,1281
2026-03-29T06:05:54.232000+00:00,11253,16,4.696,0.886,1281
2026-03-29T06:05:56.823000+00:00,11253,16,4.62,0.74,1281
2026-03-29T06:05:59.793000+00:00,11253,16,4.587,0.661,1281
2026-03-29T06:06:03.001000+00:00,11253,16,4.677,0.707,1281
2026-03-29T06:06:07.308000+00:00,11253,16,4.8,0.773,1281
2026-03-29T06:06:11.443000+00:00,11253,16,4.766,0.775,1281
2026-03-29T06:06:14.052000+00:00,11253,16,4.665,0.685,1281
2026-03-29T06:06:18.603000+00:00,11253,16,4.43,0.57,1281
2026-03-29T06:06:22.334000+00:00,11253,16,4.513,0.637,1281
2026-03-29T06:06:26.846000+00:00,11253,16,4.775,0.673,1281
2026-03-29T06:06:29.404000+00:00,11253,16,4.769,0.699,1281
2026-03-29T06:06:31.044000+00:00,11253,16,4.796,0.711,1281
2026-03-29T06:06:31.556000+00:00,11253,16,4.806,0.713,1281
2026-03-29T06:06:32.275000+00:00,11253,16,4.802,0.72,1281
2026-03-29T06:06:36.513000+00:00,11253,16,4.594,0.768,1281
2026-03-29T06:06:38.613000+00:00,11253,16,4.428,0.778,1281
2026-03-29T06:06:41.737000+00:00,11253,16,4.365,0.621,1281
2026-03-29T06:06:45.545000+00:00,11253,16,4.498,0.569,1281
2026-03-29T06:06:48.922000+00:00,11253,16,4.616,0.614,1281
2026-03-29T06:06:52.261000+00:00,11253,16,4.634,0.633,1281
2026-03-29T06:06:58.709000+00:00,11253,16,4.931,0.693,1281
2026-03-29T06:07:02.702000+00:00,11253,16,5.135,0.848,1281
2026-03-29T06:07:06.313000+00:00,11253,16,5.21,1.056,1281
2026-03-29T06:07:09.564000+00:00,11253,16,5.308,1.091,1281
2026-03-29T06:07:14.518000+00:00,11253,16,5.435,1.027,1281
2026-03-29T06:07:18.526000+00:00,11253,16,5.329,0.934,1281
2026-03-29T06:07:24.014000+00:00,11253,16,5.386,1.006,1281
2026-03-29T06:07:28.131000+00:00,11253,16,5.422,0.979,1281
2026-03-29T06:07:30.799000+00:00,11253,16,5.462,0.906,1281
2026-03-29T06:07:33.863000+00:00,11253,16,5.501,0.877,1281
2026-03-29T06:07:36.987000+00:00,11253,16,5.469,0.878,1281
2026-03-29T06:07:41.328000+00:00,11253,16,5.596,0.907,1281
2026-03-29T06:07:45.460000+00:00,11253,16,5.584,0.923,1281
2026-03-29T06:07:48.086000+00:00,11253,16,5.504,0.844,1281
2026-03-29T06:07:52.601000+00:00,11253,16,5.313,0.737,1281
2026-03-29T06:07:56.276000+00:00,11253,16,5.297,0.682,1281
2026-03-29T06:08:00.786000+00:00,11253,16,5.446,0.687,1281
2026-03-29T06:08:03.298000+00:00,11253,16,5.439,0.707,1281
2026-03-29T06:08:04.792000+00:00,11253,16,5.455,0.718,1281
2026-03-29T06:08:05.491000+00:00,11253,16,5.461,0.721,1281
2026-03-29T06:08:06.279000+00:00,11253,16,5.459,0.73,1281
2026-03-29T06:08:10.425000+00:00,11253,16,5.321,0.781,1281
2026-03-29T06:08:12.494000+00:00,11253,16,5.198,0.828,1281
2026-03-29T06:08:15.595000+00:00,11253,16,5.185,0.698,1281
2026-03-29T06:08:19.305000+00:00,11253,16,5.316,0.653,1281
2026-03-29T06:08:22.699000+00:00,11253,16,5.426,0.722,1281
2026-03-29T06:08:26.086000+00:00,11253,16,5.5,0.782,1281
2026-03-29T06:08:32.456000+00:00,11253,16,5.645,0.743,1281
2026-03-29T06:08:36.378000+00:00,11253,16,5.781,0.819,1281
2026-03-29T06:08:39.956000+00:00,11253,16,5.789,0.907,1281
2026-03-29T06:08:43.109000+00:00,11253,16,5.838,0.934,1281
2026-03-29T06:08:48.033000+00:00,11253,16,5.917,0.892,1281
2026-03-29T06:08:52.106000+00:00,11253,16,5.916,0.883,1281
2026-03-29T06:08:57.560000+00:00,11253,16,5.993,0.907,1281
2026-03-29T06:09:01.678000+00:00,11253,16,5.998,0.881,1281
2026-03-29T06:09:04.306000+00:00,11253,16,6.01,0.809,1281
2026-03-29T06:09:07.306000+00:00,11253,16,6.034,0.793,1281
2026-03-29T06:09:10.497000+00:00,11253,16,6.071,0.841,1281
2026-03-29T06:09:14.806000+00:00,11253,16,6.156,0.903,1281
2026-03-29T06:09:18.923000+00:00,11253,16,6.149,0.924,1281
2026-03-29T06:09:21.591000+00:00,11253,16,6.066,0.882,1281
2026-03-29T06:09:26.116000+00:00,11253,16,5.864,0.807,1281
2026-03-29T06:09:29.795000+00:00,11253,16,5.871,0.805,1281
2026-03-29T06:09:34.166000+00:00,11253,16,5.94,0.706,1281
2026-03-29T06:09:36.908000+00:00,11253,16,6.02,0.778,1281
2026-03-29T06:09:38.380000+00:00,11253,16,6.064,0.797,1281
2026-03-29T06:09:38.981000+00:00,11253,16,6.079,0.804,1281
2026-03-29T06:09:39.691000+00:00,11253,16,6.085,0.819,1281
2026-03-29T06:09:43.915000+00:00,11253,16,5.915,0.897,1281
2026-03-29T06:09:46.019000+00:00,11253,16,5.773,0.953,1281
2026-03-29T06:09:49.110000+00:00,11253,16,5.727,0.893,1281
2026-03-29T06:09:52.808000+00:00,11253,16,5.802,0.885,1281
2026-03-29T06:09:56.209000+00:00,11253,16,5.904,0.949,1281
2026-03-29T06:09:59.566000+00:00,11253,16,6.002,0.989,1281
2026-03-29T06:10:05.976000+00:00,11253,16,6.159,1.036,1281
2026-03-29T06:10:09.949000+00:00,11253,16,6.401,1.15,1281
2026-03-29T06:10:13.509000+00:00,11253,16,6.4,1.17,1281
2026-03-29T06:10:16.639000+00:00,11253,16,6.447,1.126,1281
2026-03-29T06:10:21.625000+00:00,11253,16,6.54,1.076,1281
2026-03-29T06:10:25.705000+00:00,11253,16,6.529,1.119,1281
2026-03-29T06:10:31.115000+00:00,11253,16,6.584,1.003,1281
2026-03-29T06:10:35.222000+00:00,11253,16,6.597,0.999,1281
2026-03-29T06:10:37.836000+00:00,11253,16,6.566,0.905,1281
2026-03-29T06:10:40.826000+00:00,11253,16,6.556,0.86,1281
2026-03-29T06:10:44.038000+00:00,11253,16,6.566,0.869,1281
2026-03-29T06:10:48.307000+00:00,11253,16,6.65,0.883,1281
2026-03-29T06:10:52.418000+00:00,11253,16,6.641,0.904,1281
2026-03-29T06:10:55.040000+00:00,11253,16,6.53,0.829,1281
2026-03-29T06:10:59.486000+00:00,11253,16,6.264,0.7,1281
2026-03-29T06:11:03.133000+00:00,11253,16,6.253,0.711,1281
2026-03-29T06:11:07.692000+00:00,11253,16,6.446,0.706,1281
2026-03-29T06:11:10.242000+00:00,11253,16,6.482,0.737,1281
2026-03-29T06:11:11.722000+00:00,11253,16,6.518,0.751,1281
2026-03-29T06:11:12.425000+00:00,11253,16,6.531,0.755,1281
2026-03-29T06:11:13.229000+00:00,11253,16,6.53,0.763,1281
2026-03-29T06:11:17.422000+00:00,11253,16,6.455,0.901,1281
2026-03-29T06:11:19.582000+00:00,11253,16,6.382,1.031,1281
2026-03-29T06:11:22.704000+00:00,11253,16,6.326,0.862,1281
2026-03-29T06:11:26.369000+00:00,11253,16,6.425,0.764,1281
2026-03-29T06:11:29.732000+00:00,11253,16,6.534,0.804,1281
2026-03-29T06:11:33.165000+00:00,11253,16,6.695,0.906,1281
2026-03-29T06:11:39.595000+00:00,11253,16,6.938,0.929,1281
2026-03-29T06:11:43.547000+00:00,11253,16,7.156,1.0,1281
2026-03-29T06:11:47.129000+00:00,11253,16,7.202,1.093,1281
2026-03-29T06:11:50.298000+00:00,11253,16,7.259,1.127,1281
2026-03-29T06:11:55.232000+00:00,11253,16,7.31,1.036,1281
2026-03-29T06:11:59.264000+00:00,11253,16,7.223,0.956,1281
2026-03-29T06:12:04.688000+00:00,11253,16,7.144,0.929,1281
2026-03-29T06:12:08.815000+00:00,11253,16,7.185,0.948,1281
2026-03-29T06:12:11.446000+00:00,11253,16,7.148,0.859,1281
2026-03-29T06:12:14.423000+00:00,11253,16,7.141,0.83,1281
2026-03-29T06:12:17.597000+00:00,11253,16,7.191,0.92,1281
2026-03-29T06:12:21.877000+00:00,11253,16,7.226,0.929,1281
2026-03-29T06:12:25.947000+00:00,11253,16,7.177,0.893,1281
2026-03-29T06:12:28.544000+00:00,11253,16,7.069,0.806,1281
2026-03-29T06:12:33.015000+00:00,11253,16,6.82,0.65,1281
2026-03-29T06:12:36.645000+00:00,11253,16,6.824,0.677,1281
2026-03-29T06:12:41.240000+00:00,11253,16,7.009,0.702,1281
2026-03-29T06:12:43.743000+00:00,11253,16,7.084,0.761,1281
2026-03-29T06:12:45.248000+00:00,11253,16,7.116,0.77,1281
2026-03-29T06:12:46.014000+00:00,11253,16,7.126,0.776,1281
2026-03-29T06:12:46.691000+00:00,11253,16,7.129,0.786,1281
2026-03-29T06:12:51.052000+00:00,11253,16,7.121,0.97,1281
2026-03-29T06:12:53.195000+00:00,11253,16,7.073,1.098,1281
2026-03-29T06:12:56.296000+00:00,11253,16,7.007,1.092,1281
2026-03-29T06:12:59.930000+00:00,11253,16,7.003,1.034,1281
2026-03-29T06:13:03.284000+00:00,11253,16,7.038,1.08,1281
2026-03-29T06:13:06.545000+00:00,11253,16,7.062,1.053,1281
2026-03-29T06:13:12.983000+00:00,11253,16,7.269,0.995,1281
2026-03-29T06:13:16.888000+00:00,11253,16,7.463,1.09,1281
2026-03-29T06:13:20.452000+00:00,11253,16,7.483,1.14,1281
2026-03-29T06:13:23.586000+00:00,11253,16,7.523,1.125,1281
2026-03-29T06:13:28.549000+00:00,11253,16,7.603,1.082,1281
2026-03-29T06:13:32.583000+00:00,11253,16,7.531,1.043,1281
2026-03-29T06:13:37.963000+00:00,11253,16,7.522,0.997,1281
2026-03-29T06:13:42.089000+00:00,11253,16,7.542,0.994,1281
2026-03-29T06:13:44.664000+00:00,11253,16,7.5,0.901,1281
2026-03-29T06:13:47.655000+00:00,11253,16,7.495,0.804,1281
2026-03-29T06:13:50.854000+00:00,11253,16,7.509,0.796,1281
2026-03-29T06:13:55.119000+00:00,11253,16,7.597,0.835,1281
2026-03-29T06:13:59.237000+00:00,11253,16,7.584,0.855,1281
2026-03-29T06:14:01.826000+00:00,11253,16,7.465,0.784,1281
2026-03-29T06:14:06.244000+00:00,11253,16,7.155,0.625,1281
2026-03-29T06:14:09.914000+00:00,11253,16,7.191,0.646,1281
2026-03-29T06:14:14.437000+00:00,11253,16,7.393,0.591,1281
2026-03-29T06:14:16.976000+00:00,11253,16,7.424,0.664,1281
2026-03-29T06:14:18.485000+00:00,11253,16,7.457,0.683,1281
2026-03-29T06:14:19.193000+00:00,11253,16,7.468,0.689,1281
2026-03-29T06:14:19.905000+00:00,11253,16,7.469,0.702,1281
2026-03-29T06:14:24.289000+00:00,11253,16,7.428,0.912,1281
2026-03-29T06:14:26.433000+00:00,11253,16,7.362,1.066,1281
2026-03-29T06:14:29.542000+00:00,11253,16,7.371,0.841,1281
2026-03-29T06:14:33.221000+00:00,11253,16,7.406,0.666,1281
2026-03-29T06:14:36.583000+00:00,11253,16,7.489,0.702,1281
2026-03-29T06:14:39.945000+00:00,11253,16,7.585,0.736,1281
2026-03-29T06:14:46.394000+00:00,11253,16,7.844,0.74,1281
2026-03-29T06:14:50.358000+00:00,11253,16,8.089,0.857,1281
2026-03-29T06:14:53.998000+00:00,11253,16,8.135,0.94,1281
2026-03-29T06:14:57.100000+00:00,11253,16,8.181,0.944,1281
2026-03-29T06:15:02.046000+00:00,11253,16,8.223,0.887,1281
2026-03-29T06:15:06.025000+00:00,11253,16,8.079,0.803,1281
2026-03-29T06:15:11.432000+00:00,11253,16,8.131,0.78,1281
2026-03-29T06:15:15.547000+00:00,11253,16,8.154,0.767,1281
2026-03-29T06:15:18.118000+00:00,11253,16,8.124,0.671,1281
2026-03-29T06:15:21.112000+00:00,11253,16,8.12,0.643,1281
2026-03-29T06:15:24.309000+00:00,11253,16,8.156,0.744,1281
2026-03-29T06:15:28.704000+00:00,11253,16,8.325,0.908,1281
2026-03-29T06:15:32.804000+00:00,11253,16,8.302,0.892,1281
2026-03-29T06:15:35.418000+00:00,11253,16,8.187,0.79,1281
2026-03-29T06:15:39.898000+00:00,11253,16,7.913,0.616,1281
2026-03-29T06:15:43.528000+00:00,11253,16,7.933,0.6,1281
2026-03-29T06:15:48.111000+00:00,11253,16,8.13,0.576,1281
2026-03-29T06:15:50.765000+00:00,11253,16,8.163,0.652,1281
2026-03-29T06:15:52.135000+00:00,11253,16,8.191,0.671,1281
2026-03-29T06:15:52.865000+00:00,11253,16,8.199,0.677,1281
2026-03-29T06:15:53.569000+00:00,11253,16,,0.692,1281
2026-03-29T06:15:57.890000+00:00,11253,16,8.168,0.922,1281
2026-03-29T06:16:00.068000+00:00,11253,16,8.116,1.111,1281
2026-03-29T06:16:03.230000+00:00,11253,16,8.099,0.986,1281
2026-03-29T06:16:06.916000+00:00,11253,16,8.163,0.876,1281
2026-03-29T06:16:10.288000+00:00,11253,16,8.261,0.947,1281
2026-03-29T06:16:13.599000+00:00,11253,16,8.296,0.896,1281
2026-03-29T06:16:20.021000+00:00,11253,16,8.502,0.844,1281
2026-03-29T06:16:23.958000+00:00,11253,16,8.667,0.941,1281
2026-03-29T06:16:27.552000+00:00,11253,16,8.681,1.001,1281
2026-03-29T06:16:30.653000+00:00,11253,16,8.684,0.937,1281
2026-03-29T06:16:35.647000+00:00,11253,16,8.795,0.796,1281
2026-03-29T06:16:39.672000+00:00,11253,16,8.703,0.712,1281
2026-03-29T06:16:45.075000+00:00,11253,16,8.762,0.711,1281
2026-03-29T06:16:49.196000+00:00,11253,16,8.781,0.651,1281
2026-03-29T06:16:51.771000+00:00,11253,16,8.734,0.329,1281
2026-03-29T06:16:54.758000+00:00,11253,16,8.742,1.042,1281
2026-03-29T06:16:57.972000+00:00,11253,16,8.808,1.083,1281
2026-03-29T06:17:02.273000+00:00,11253,16,8.875,1.095,1281
2026-03-29T06:17:06.391000+00:00,11253,16,8.889,1.077,1281
2026-03-29T06:17:09.038000+00:00,11253,16,8.793,0.953,1281
2026-03-29T06:17:13.523000+00:00,11253,16,8.544,0.701,1281
2026-03-29T06:17:17.264000+00:00,11253,16,8.658,0.804,1281
2026-03-29T06:17:21.736000+00:00,11253,16,8.84,0.875,1281
2026-03-29T06:17:24.340000+00:00,11253,16,8.885,0.968,1281
2026-03-29T06:17:25.873000+00:00,11253,16,8.941,1.009,1281
2026-03-29T06:17:26.574000+00:00,11253,16,8.954,1.015,1281
2026-03-29T06:17:27.443000+00:00,11253,16,8.959,1.021,1281
2026-03-29T06:17:31.531000+00:00,11253,16,8.829,0.903,1281
2026-03-29T06:17:33.657000+00:00,11253,16,8.7,0.792,1281
2026-03-29T06:17:36.682000+00:00,11253,16,8.585,0.729,1281
2026-03-29T06:17:40.412000+00:00,11253,16,8.66,0.84,1281
2026-03-29T06:17:43.792000+00:00,11253,16,8.754,0.868,1281
2026-03-29T06:17:47.119000+00:00,11253,16,8.803,0.918,1281
2026-03-29T06:17:53.448000+00:00,11253,16,8.91,0.928,1281
2026-03-29T06:17:57.408000+00:00,11253,16,9.06,1.057,1281
2026-03-29T06:18:00.972000+00:00,11253,16,9.052,1.06,1281
2026-03-29T06:18:04.106000+00:00,11253,16,9.08,1.017,1281
2026-03-29T06:18:09.022000+00:00,11253,16,9.113,1.055,1281
2026-03-29T06:18:12.926000+00:00,11253,16,8.936,0.927,1281
2026-03-29T06:18:18.453000+00:00,11253,16,9.081,1.074,1281
2026-03-29T06:18:22.543000+00:00,11253,16,9.094,1.047,1281
2026-03-29T06:18:25.160000+00:00,11253,16,9.08,1.019,1281
2026-03-29T06:18:28.146000+00:00,11253,16,9.072,0.991,1281
2026-03-29T06:18:31.266000+00:00,11253,16,9.065,0.983,1281
2026-03-29T06:18:35.503000+00:00,11253,16,9.115,0.905,1281
2026-03-29T06:18:39.623000+00:00,11253,16,9.11,0.842,1281
2026-03-29T06:18:42.238000+00:00,11253,16,9.015,0.74,1281
2026-03-29T06:18:46.715000+00:00,11253,16,8.787,0.535,1281
2026-03-29T06:18:50.346000+00:00,11253,16,8.793,0.475,1281
2026-03-29T06:18:54.957000+00:00,11253,16,9.085,0.657,1281
2026-03-29T06:18:57.503000+00:00,11253,16,9.105,0.716,1281
2026-03-29T06:18:59.014000+00:00,11253,16,9.125,0.718,1281
2026-03-29T06:18:59.718000+00:00,11253,16,9.132,0.716,1281
2026-03-29T06:19:00.451000+00:00,11253,16,,0.713,1281
2026-03-29T06:19:04.801000+00:00,11253,16,9.165,0.64,1281
2026-03-29T06:19:07.026000+00:00,11253,16,9.139,0.576,1281
2026-03-29T06:19:10.085000+00:00,11253,16,9.09,0.585,1281
2026-03-29T06:19:13.757000+00:00,11253,16,9.166,0.642,1281
2026-03-29T06:19:17.168000+00:00,11253,16,9.292,0.685,1281
2026-03-29T06:19:20.441000+00:00,11253,16,9.311,0.695,1281
2026-03-29T06:19:26.877000+00:00,11253,16,9.52,0.79,1281
2026-03-29T06:19:30.808000+00:00,11253,16,9.671,0.797,1281
2026-03-29T06:19:34.335000+00:00,11253,16,9.703,0.817,1281
2026-03-29T06:19:37.507000+00:00,11253,16,9.782,0.835,1281
2026-03-29T06:19:42.452000+00:00,11253,16,9.826,0.862,1281
2026-03-29T06:19:46.408000+00:00,11253,16,9.728,0.842,1281
2026-03-29T06:19:51.756000+00:00,11253,16,9.674,0.853,1281
2026-03-29T06:19:55.858000+00:00,11253,16,9.678,0.799,1281
2026-03-29T06:19:58.432000+00:00,11253,16,9.641,0.781,1281
2026-03-29T06:20:01.461000+00:00,11253,16,9.656,0.783,1281
2026-03-29T06:20:04.609000+00:00,11253,16,9.644,0.776,1281
2026-03-29T06:20:08.918000+00:00,11253,16,9.742,0.785,1281
2026-03-29T06:20:13.049000+00:00,11253,16,9.759,0.744,1281
2026-03-29T06:20:15.698000+00:00,11253,16,9.686,0.669,1281
2026-03-29T06:20:20.175000+00:00,11253,16,9.506,0.522,1281
2026-03-29T06:20:23.925000+00:00,11253,16,9.607,0.489,1281
2026-03-29T06:20:28.500000+00:00,11253,16,9.849,0.602,1281
2026-03-29T06:20:31.028000+00:00,11253,16,9.838,0.603,1281
2026-03-29T06:20:32.506000+00:00,11253,16,9.857,0.602,1281
2026-03-29T06:20:33.157000+00:00,11253,16,9.864,0.599,1281
2026-03-29T06:20:34.012000+00:00,11253,16,9.858,0.594,1281
2026-03-29T06:20:38.067000+00:00,11253,16,9.694,0.408,1281
2026-03-29T06:20:40.150000+00:00,11253,16,9.548,0.347,1281
2026-03-29T06:20:43.238000+00:00,11253,16,9.456,0.376,1281
2026-03-29T06:20:47.046000+00:00,11253,16,9.609,0.541,1281
2026-03-29T06:20:50.421000+00:00,11253,16,9.686,0.552,1281
2026-03-29T06:20:53.744000+00:00,11253,16,9.778,0.604,1281
2026-03-29T06:21:00.136000+00:00,11253,16,9.983,0.634,1281
2026-03-29T06:21:04.109000+00:00,11253,16,10.079,0.655,1281
2026-03-29T06:21:07.678000+00:00,11253,16,10.07,0.617,1281
2026-03-29T06:21:10.811000+00:00,11253,16,10.112,0.586,1281
2026-03-29T06:21:15.751000+00:00,11253,16,10.152,0.648,1281
2026-03-29T06:21:19.760000+00:00,11253,16,10.038,0.652,1281
2026-03-29T06:21:25.299000+00:00,11253,16,10.267,0.799,1281
2026-03-29T06:21:29.410000+00:00,11253,16,10.298,0.748,1281
2026-03-29T06:21:32.036000+00:00,11253,16,10.327,0.723,1281
2026-03-29T06:21:35.118000+00:00,11253,16,10.371,0.716,1281
2026-03-29T06:21:38.200000+00:00,11253,16,10.335,0.727,1281
2026-03-29T06:21:42.512000+00:00,11253,16,10.397,0.628,1281
2026-03-29T06:21:46.571000+00:00,11253,16,10.357,0.548,1281
2026-03-29T06:21:49.185000+00:00,11253,16,10.263,0.424,1281
2026-03-29T06:21:53.656000+00:00,11253,16,10.041,0.165,1281
2026-03-29T06:21:57.455000+00:00,11253,16,10.158,0.215,1281
2026-03-29T06:22:02.182000+00:00,11253,16,10.601,0.401,1281
2026-03-29T06:22:04.691000+00:00,11253,16,10.564,0.433,1281
2026-03-29T06:22:06.181000+00:00,11253,16,10.574,0.443,1281
2026-03-29T06:22:07.633000+00:00,11253,16,10.57,0.43,1281
2026-03-29T06:22:11.789000+00:00,11253,16,10.439,0.208,1281
2026-03-29T06:22:13.853000+00:00,11253,16,10.308,0.143,1281
2026-03-29T06:22:17.044000+00:00,11253,16,10.324,0.226,1281
2026-03-29T06:22:20.896000+00:00,11253,16,10.483,0.311,1281
2026-03-29T06:22:24.283000+00:00,11253,16,10.569,0.312,1281
2026-03-29T06:22:27.666000+00:00,11253,16,10.684,0.385,1281
2026-03-29T06:22:34.239000+00:00,11253,16,11.012,0.521,1281
2026-03-29T06:22:38.262000+00:00,11253,16,11.302,0.637,1281
2026-03-29T06:22:41.907000+00:00,11253,16,11.382,0.649,1281
2026-03-29T06:22:45.101000+00:00,11253,16,11.493,0.617,1281
2026-03-29T06:22:50.065000+00:00,11253,16,11.598,0.649,1281
2026-03-29T06:22:54.160000+00:00,11253,16,11.59,0.682,1281
2026-03-29T06:22:59.536000+00:00,11253,16,11.664,0.771,1281
2026-03-29T06:23:03.646000+00:00,11253,16,11.685,0.743,1281
2026-03-29T06:23:06.254000+00:00,11253,16,11.677,0.666,1281
2026-03-29T06:23:09.218000+00:00,11253,16,11.682,0.613,1281
2026-03-29T06:23:12.350000+00:00,11253,16,11.672,0.6,1281
2026-03-29T06:23:16.705000+00:00,11253,16,11.803,0.642,1281
2026-03-29T06:23:20.815000+00:00,11253,16,11.784,0.589,1281
2026-03-29T06:23:23.429000+00:00,11253,16,11.679,0.451,1281
2026-03-29T06:23:27.819000+00:00,11253,16,11.425,0.147,1281
2026-03-29T06:23:31.498000+00:00,11253,16,11.415,0.088,1281
2026-03-29T06:23:36.371000+00:00,11253,16,12.018,0.305,1281
2026-03-29T06:23:38.896000+00:00,11253,16,11.989,0.389,1281
2026-03-29T06:23:40.337000+00:00,11253,16,11.998,0.412,1281
2026-03-29T06:23:41.049000+00:00,11253,16,11.997,0.413,1281
2026-03-29T06:23:41.775000+00:00,11253,16,11.988,0.407,1281
2026-03-29T06:23:45.944000+00:00,11253,16,11.809,0.194,1281
2026-03-29T06:23:48.033000+00:00,11253,16,11.669,0.022,1281
2026-03-29T06:23:51.104000+00:00,11253,16,11.568,2.249,1281
2026-03-29T06:23:54.968000+00:00,11253,16,11.798,2.438,1281
2026-03-29T06:23:58.309000+00:00,11253,16,11.889,2.495,1281
2026-03-29T06:24:01.601000+00:00,11253,16,11.923,2.469,1281
2026-03-29T06:24:07.939000+00:00,11253,16,12.051,2.451,1281
2026-03-29T06:24:11.861000+00:00,11253,16,12.178,2.512,1281
2026-03-29T06:24:15.451000+00:00,11253,16,12.192,2.557,1281
2026-03-29T06:24:18.566000+00:00,11253,16,12.238,2.555,1281
2026-03-29T06:24:23.470000+00:00,11253,16,12.256,2.569,1281
2026-03-29T06:24:27.489000+00:00,11253,16,12.164,2.586,1281
2026-03-29T06:24:32.818000+00:00,11253,16,12.189,2.541,1281
2026-03-29T06:24:36.981000+00:00,11253,16,12.237,2.6,1281
2026-03-29T06:24:39.671000+00:00,11253,16,12.317,2.615,1281
2026-03-29T06:24:42.702000+00:00,11253,16,12.403,2.638,1281
2026-03-29T06:24:45.829000+00:00,11253,16,12.366,2.584,1281
2026-03-29T06:24:50.109000+00:00,11253,16,12.391,2.571,1281
2026-03-29T06:24:54.226000+00:00,11253,16,12.397,2.559,1281
2026-03-29T06:24:56.933000+00:00,11253,16,12.389,2.528,1281
2026-03-29T06:25:01.603000+00:00,11253,16,12.377,2.466,1281
2026-03-29T06:25:05.304000+00:00,11253,16,12.444,2.509,1281
2026-03-29T06:25:09.846000+00:00,11253,16,12.584,2.515,1281
2026-03-29T06:25:12.266000+00:00,11253,16,12.563,2.504,1281
2026-03-29T06:25:13.755000+00:00,11253,16,12.576,2.509,1281
2026-03-29T06:25:14.437000+00:00,11253,16,12.581,,1281
2026-03-29T06:25:15.192000+00:00,11253,16,12.58,2.511,1281
2026-03-29T06:25:19.470000+00:00,11253,16,12.542,2.452,1281
2026-03-29T06:25:21.599000+00:00,11253,16,12.513,2.4,1281
2026-03-29T06:25:24.704000+00:00,11253,16,12.475,2.405,1281
2026-03-29T06:25:28.375000+00:00,11253,16,12.548,2.424,1281
2026-03-29T06:25:31.890000+00:00,11253,16,12.612,2.479,1281
2026-03-29T06:25:34.981000+00:00,11253,16,12.571,2.401,1281
2026-03-29T06:25:41.366000+00:00,11253,16,12.715,2.416,1281
2026-03-29T06:25:45.259000+00:00,11253,16,12.861,2.478,1281
2026-03-29T06:25:48.845000+00:00,11253,16,12.878,2.474,1281
2026-03-29T06:25:51.992000+00:00,11253,16,12.92,2.455,1281
2026-03-29T06:25:56.866000+00:00,11253,16,12.969,2.461,1281
2026-03-29T06:26:00.834000+00:00,11253,16,12.882,2.417,1281
2026-03-29T06:26:06.220000+00:00,11253,16,12.841,2.425,1281
2026-03-29T06:26:10.303000+00:00,11253,16,12.861,2.413,1281
2026-03-29T06:26:12.873000+00:00,11253,16,12.836,2.328,1281
2026-03-29T06:26:15.824000+00:00,11253,16,12.826,2.256,1281
2026-03-29T06:26:18.943000+00:00,11253,16,12.796,2.242,1281
2026-03-29T06:26:23.205000+00:00,11253,16,12.828,2.094,1281
2026-03-29T06:26:27.334000+00:00,11253,16,12.849,2.087,1281
2026-03-29T06:26:30.062000+00:00,11253,16,12.868,2.067,1281
2026-03-29T06:26:34.726000+00:00,11253,16,12.909,2.008,1281
2026-03-29T06:26:38.428000+00:00,11253,16,13.008,2.059,1281
2026-03-29T06:26:42.910000+00:00,11253,16,13.218,2.111,1281
2026-03-29T06:26:45.488000+00:00,11253,16,13.224,2.171,1281
2026-03-29T06:26:46.951000+00:00,11253,16,13.242,2.191,1281
2026-03-29T06:26:47.636000+00:00,11253,16,13.247,2.193,1281
2026-03-29T06:26:48.424000+00:00,11253,16,,2.198,1281
2026-03-29T06:26:52.775000+00:00,11253,16,13.335,2.266,1281
2026-03-29T06:26:55.027000+00:00,11253,16,13.377,2.283,1281
2026-03-29T06:26:58.144000+00:00,11253,16,13.416,2.324,1281
2026-03-29T06:27:01.779000+00:00,11253,16,13.482,2.33,1281
2026-03-29T06:27:05.106000+00:00,11253,16,13.542,2.37,1281
2026-03-29T06:27:08.336000+00:00,11253,16,13.509,2.272,1281
2026-03-29T06:27:14.740000+00:00,11253,16,13.609,2.296,1281
2026-03-29T06:27:18.632000+00:00,11253,16,13.77,2.378,1281
2026-03-29T06:27:22.195000+00:00,11253,16,13.776,2.375,1281
2026-03-29T06:27:25.270000+00:00,11253,16,13.756,2.299,1281
2026-03-29T06:27:30.171000+00:00,11253,16,13.768,2.31,1281
2026-03-29T06:27:34.228000+00:00,11253,16,13.736,2.353,1281
2026-03-29T06:27:39.553000+00:00,11253,16,13.675,2.305,1281
2026-03-29T06:27:43.720000+00:00,11253,16,13.698,2.326,1281
2026-03-29T06:27:46.233000+00:00,11253,16,13.68,2.238,1281
2026-03-29T06:27:49.187000+00:00,11253,16,13.673,2.161,1281
2026-03-29T06:27:52.276000+00:00,11253,16,13.614,2.111,1281
2026-03-29T06:27:56.528000+00:00,11253,16,13.608,2.084,1281
2026-03-29T06:28:00.642000+00:00,11253,16,13.623,2.078,1281
2026-03-29T06:28:03.385000+00:00,11253,16,13.645,2.058,1281
2026-03-29T06:28:08.043000+00:00,11253,16,13.687,2.004,1281
2026-03-29T06:28:11.799000+00:00,11253,16,13.785,2.054,1281
2026-03-29T06:28:16.266000+00:00,11253,16,13.969,2.071,1281
2026-03-29T06:28:18.776000+00:00,11253,16,13.956,2.055,1281
2026-03-29T06:28:20.255000+00:00,11253,16,13.97,2.06,1281
2026-03-29T06:28:20.951000+00:00,11253,16,13.981,2.066,1281
2026-03-29T06:28:21.694000+00:00,11253,16,,2.071,1281
2026-03-29T06:28:26.393000+00:00,11253,16,14.06,2.12,1281
2026-03-29T06:28:28.393000+00:00,11253,16,14.107,2.13,1281
2026-03-29T06:28:31.619000+00:00,11253,16,14.104,2.142,1281
2026-03-29T06:28:35.085000+00:00,11253,16,14.116,2.112,1281
2026-03-29T06:28:38.445000+00:00,11253,16,14.16,2.166,1281
2026-03-29T06:28:41.684000+00:00,11253,16,14.176,2.125,1281
2026-03-29T06:28:48.065000+00:00,11253,16,14.237,2.152,1281
2026-03-29T06:28:51.946000+00:00,11253,16,14.272,2.17,1281
2026-03-29T06:28:55.495000+00:00,11253,16,14.267,2.141,1281
2026-03-29T06:28:58.626000+00:00,11253,16,14.301,2.106,1281
2026-03-29T06:29:03.545000+00:00,11253,16,14.367,2.136,1281
2026-03-29T06:29:07.612000+00:00,11253,16,14.379,2.223,1281
2026-03-29T06:29:12.957000+00:00,11253,16,14.29,2.151,1281
2026-03-29T06:29:17.056000+00:00,11253,16,14.297,2.166,1281
2026-03-29T06:29:19.638000+00:00,11253,16,14.294,2.087,1281
2026-03-29T06:29:22.695000+00:00,11253,16,14.326,2.037,1281
2026-03-29T06:29:25.719000+00:00,11253,16,14.282,2.016,1281
2026-03-29T06:29:29.946000+00:00,11253,16,14.239,1.984,1281
2026-03-29T06:29:34.080000+00:00,11253,16,14.285,2.019,1281
2026-03-29T06:29:36.873000+00:00,11253,16,14.388,2.058,1281
2026-03-29T06:29:41.610000+00:00,11253,16,14.576,2.076,1281
2026-03-29T06:29:45.441000+00:00,11253,16,14.736,2.146,1281
2026-03-29T06:29:49.801000+00:00,11253,16,14.826,2.089,1281
2026-03-29T06:29:52.385000+00:00,11253,16,14.772,2.134,1281
2026-03-29T06:29:53.865000+00:00,11253,16,14.769,2.145,1281
2026-03-29T06:29:54.537000+00:00,11253,16,14.77,2.151,1281
2026-03-29T06:29:55.338000+00:00,11253,16,14.769,2.155,1281
2026-03-29T06:29:59.583000+00:00,11253,16,14.831,2.117,1281
2026-03-29T06:30:01.769000+00:00,11253,16,14.846,2.046,1281
2026-03-29T06:30:04.789000+00:00,11253,16,14.812,1.969,1281
2026-03-29T06:30:08.478000+00:00,11253,16,14.854,1.96,1281
2026-03-29T06:30:11.808000+00:00,11253,16,14.918,1.988,1281
2026-03-29T06:30:15.084000+00:00,11253,16,14.862,1.933,1281
2026-03-29T06:30:21.464000+00:00,11253,16,14.9,1.995,1281
2026-03-29T06:30:25.326000+00:00,11253,16,14.931,2.047,1281
2026-03-29T06:30:28.918000+00:00,11253,16,14.944,2.087,1281
2026-03-29T06:30:31.994000+00:00,11253,16,14.937,2.045,1281
2026-03-29T06:30:36.882000+00:00,11253,16,14.975,2.062,1281
2026-03-29T06:30:40.913000+00:00,11253,16,14.874,2.012,1281
2026-03-29T06:30:46.228000+00:00,11253,16,14.896,2.05,1281
2026-03-29T06:30:50.351000+00:00,11253,16,14.913,2.046,1281
2026-03-29T06:30:52.942000+00:00,11253,16,14.898,1.974,1281
2026-03-29T06:30:55.896000+00:00,11253,16,14.913,1.931,1281
2026-03-29T06:30:59.030000+00:00,11253,16,14.871,1.9,1281
2026-03-29T06:31:03.273000+00:00,11253,16,14.862,1.87,1281
2026-03-29T06:31:07.430000+00:00,11253,16,14.883,1.874,1281
2026-03-29T06:31:10.130000+00:00,11253,16,14.924,1.876,1281
2026-03-29T06:31:14.857000+00:00,11253,16,14.997,1.869,1281
2026-03-29T06:31:18.540000+00:00,11253,16,15.091,1.944,1281
2026-03-29T06:31:22.980000+00:00,11253,16,15.206,1.887,1281
2026-03-29T06:31:25.582000+00:00,11253,16,15.179,1.938,1281
2026-03-29T06:31:27.029000+00:00,11253,16,15.196,1.967,1281
2026-03-29T06:31:27.689000+00:00,11253,16,15.206,1.979,1281
2026-03-29T06:31:28.557000+00:00,11253,16,15.207,1.986,1281
2026-03-29T06:31:32.724000+00:00,11253,16,15.172,1.926,1281
2026-03-29T06:31:34.906000+00:00,11253,16,15.147,1.869,1281
2026-03-29T06:31:37.960000+00:00,11253,16,15.024,1.797,1281
2026-03-29T06:31:41.627000+00:00,11253,16,15.06,1.835,1281
2026-03-29T06:31:44.926000+00:00,11253,16,15.112,1.862,1281
2026-03-29T06:31:48.186000+00:00,11253,16,15.043,1.769,1281
2026-03-29T06:31:54.515000+00:00,11253,16,15.054,1.741,1281
2026-03-29T06:31:58.404000+00:00,11253,16,15.137,1.797,1281
2026-03-29T06:32:01.995000+00:00,11253,16,15.208,1.882,1281
2026-03-29T06:32:05.112000+00:00,11253,16,15.231,1.883,1281
2026-03-29T06:32:09.996000+00:00,11253,16,15.236,1.811,1281
2026-03-29T06:32:13.962000+00:00,11253,16,15.1,1.768,1281
2026-03-29T06:32:19.360000+00:00,11253,16,15.145,1.817,1281
2026-03-29T06:32:23.426000+00:00,11253,16,15.153,1.806,1281
2026-03-29T06:32:26.075000+00:00,11253,16,15.199,1.789,1281
2026-03-29T06:32:29.096000+00:00,11253,16,15.255,1.772,1281
2026-03-29T06:32:32.181000+00:00,11253,16,14.998,1.739,1281
2026-03-29T06:32:36.498000+00:00,11253,16,14.863,1.777,1281
2026-03-29T06:32:40.607000+00:00,11253,16,14.853,,1281
2026-03-29T06:32:43.327000+00:00,11253,16,14.908,1.788,1281
2026-03-29T06:32:48.008000+00:00,11253,16,14.962,1.783,1281
2026-03-29T06:32:51.754000+00:00,11253,16,15.051,1.857,1281
2026-03-29T06:32:56.212000+00:00,11253,16,15.212,1.877,1281
2026-03-29T06:32:58.638000+00:00,11253,16,15.124,1.875,1281
2026-03-29T06:33:00.187000+00:00,11253,16,15.129,1.9,1281
2026-03-29T06:33:00.835000+00:00,11253,16,,1.906,1281
2026-03-29T06:33:01.618000+00:00,11253,16,15.118,1.911,1281
2026-03-29T06:33:05.831000+00:00,11253,16,14.935,1.859,1281
2026-03-29T06:33:07.991000+00:00,11253,16,14.822,1.803,1281
2026-03-29T06:33:11.031000+00:00,11253,16,14.6,1.729,1281
2026-03-29T06:33:14.674000+00:00,11253,16,14.62,1.748,1281
2026-03-29T06:33:18.004000+00:00,11253,16,14.651,1.77,1281
2026-03-29T06:33:21.226000+00:00,11253,16,14.579,1.682,1281
2026-03-29T06:33:27.497000+00:00,11253,16,14.595,1.601,1281
2026-03-29T06:33:31.388000+00:00,11253,16,14.669,1.556,1281
2026-03-29T06:33:34.887000+00:00,11253,16,14.581,1.531,1281
2026-03-29T06:33:37.962000+00:00,11253,16,14.534,1.46,1281
2026-03-29T06:33:42.869000+00:00,11253,16,14.581,1.413,1281
2026-03-29T06:33:46.903000+00:00,11253,16,14.53,1.422,1281
2026-03-29T06:33:52.281000+00:00,11253,16,14.546,1.38,1281
2026-03-29T06:33:56.387000+00:00,11253,16,14.549,1.404,1281
2026-03-29T06:33:59.004000+00:00,11253,16,14.481,1.324,1281
2026-03-29T06:34:01.971000+00:00,11253,16,14.423,1.252,1281
2026-03-29T06:34:05.036000+00:00,11253,16,14.316,1.217,1281
2026-03-29T06:34:09.335000+00:00,11253,16,,1.23,1281
2026-03-29T06:34:13.422000+00:00,11253,16,14.3,1.226,1281
2026-03-29T06:34:16.184000+00:00,11253,16,14.243,1.203,1281
2026-03-29T06:34:20.757000+00:00,11253,16,14.098,1.135,1281
2026-03-29T06:34:24.359000+00:00,11253,16,14.039,1.128,1281
2026-03-29T06:34:28.993000+00:00,11253,16,14.423,1.339,1281
2026-03-29T06:34:31.624000+00:00,11253,16,14.5,1.489,1281
2026-03-29T06:34:33.168000+00:00,11253,16,14.524,1.527,1281
2026-03-29T06:34:33.858000+00:00,11253,16,14.533,1.539,1281
2026-03-29T06:34:34.586000+00:00,11253,16,14.54,1.551,1281
2026-03-29T06:34:38.932000+00:00,11253,16,14.571,1.575,1281
2026-03-29T06:34:41.044000+00:00,11253,16,14.506,1.492,1281
2026-03-29T06:34:44.107000+00:00,11253,16,14.418,1.435,1281
2026-03-29T06:34:47.820000+00:00,11253,16,14.549,1.533,1281
2026-03-29T06:34:51.178000+00:00,11253,16,14.636,1.579,1281
2026-03-29T06:34:54.494000+00:00,11253,16,14.639,1.582,1281
2026-03-29T06:35:00.854000+00:00,11253,16,14.72,1.605,1281
2026-03-29T06:35:04.788000+00:00,11253,16,14.877,1.723,1281
2026-03-29T06:35:08.350000+00:00,11253,16,14.971,1.815,1281
2026-03-29T06:35:11.469000+00:00,11253,16,15.011,1.812,1281
2026-03-29T06:35:16.401000+00:00,11253,16,15.135,1.905,1281
2026-03-29T06:35:20.415000+00:00,11253,16,15.148,1.936,1281
2026-03-29T06:35:25.886000+00:00,11253,16,15.167,1.947,1281
2026-03-29T06:35:29.945000+00:00,11253,16,15.209,1.99,1281
2026-03-29T06:35:32.608000+00:00,11253,16,15.252,1.974,1281
2026-03-29T06:35:35.614000+00:00,11253,16,15.299,1.958,1281
2026-03-29T06:35:38.693000+00:00,11253,16,15.268,1.894,1281
2026-03-29T06:35:42.953000+00:00,11253,16,15.27,1.896,1281
2026-03-29T06:35:47.051000+00:00,11253,16,15.258,1.895,1281
2026-03-29T06:35:49.762000+00:00,11253,16,15.278,1.893,1281
2026-03-29T06:35:54.468000+00:00,11253,16,15.295,1.868,1281
2026-03-29T06:35:58.166000+00:00,11253,16,15.391,1.928,1281
2026-03-29T06:36:02.623000+00:00,11253,16,15.592,1.944,1281
2026-03-29T06:36:05.135000+00:00,11253,16,15.573,2.015,1281
2026-03-29T06:36:06.661000+00:00,11253,16,15.592,2.033,1281
2026-03-29T06:36:07.335000+00:00,11253,16,15.598,2.039,1281
2026-03-29T06:36:08.113000+00:00,11253,16,15.594,2.041,1281
2026-03-29T06:36:12.327000+00:00,11253,16,15.532,1.968,1281
2026-03-29T06:36:14.519000+00:00,11253,16,15.486,1.908,1281
2026-03-29T06:36:17.594000+00:00,11253,16,15.393,1.886,1281
2026-03-29T06:36:21.325000+00:00,11253,16,15.487,1.96,1281
2026-03-29T06:36:24.655000+00:00,11253,16,15.531,1.961,1281
2026-03-29T06:36:27.912000+00:00,11253,16,15.487,1.864,1281
2026-03-29T06:36:34.334000+00:00,11253,16,15.609,1.894,1281
2026-03-29T06:36:38.292000+00:00,11253,16,15.708,2.06,1281
2026-03-29T06:36:41.874000+00:00,11253,16,15.753,2.145,1281
2026-03-29T06:36:44.989000+00:00,11253,16,15.744,2.16,1281
2026-03-29T06:36:49.951000+00:00,11253,16,15.798,2.219,1281
2026-03-29T06:36:53.916000+00:00,11253,16,15.731,2.191,1281
2026-03-29T06:36:59.412000+00:00,11253,16,15.743,2.252,1281
2026-03-29T06:37:03.516000+00:00,11253,16,15.754,2.261,1281
2026-03-29T06:37:06.112000+00:00,11253,16,15.751,2.19,1281
2026-03-29T06:37:09.090000+00:00,11253,16,15.748,2.137,1281
2026-03-29T06:37:12.192000+00:00,11253,16,15.663,2.143,1281
2026-03-29T06:37:16.430000+00:00,11253,16,15.599,2.1,1281
2026-03-29T06:37:20.540000+00:00,11253,16,15.591,,1281
2026-03-29T06:37:23.293000+00:00,11253,16,15.609,2.11,1281
2026-03-29T06:37:27.965000+00:00,11253,16,15.626,2.12,1281
2026-03-29T06:37:31.901000+00:00,11253,16,15.83,0.145,1281
2026-03-29T06:37:36.847000+00:00,11253,16,16.435,0.42,1281
2026-03-29T06:37:39.317000+00:00,11253,16,16.424,0.513,1281
2026-03-29T06:37:40.849000+00:00,11253,16,16.429,0.533,1281
2026-03-29T06:37:41.517000+00:00,11253,16,16.427,0.537,1281
2026-03-29T06:37:42.251000+00:00,11253,16,16.415,0.531,1281
2026-03-29T06:37:46.385000+00:00,11253,16,16.254,0.245,1281
2026-03-29T06:37:48.483000+00:00,11253,16,16.118,0.052,1281
2026-03-29T06:37:51.453000+00:00,11253,16,15.91,2.65,1281
2026-03-29T06:37:55.132000+00:00,11253,16,15.977,2.619,1281
2026-03-29T06:37:58.479000+00:00,11253,16,16.059,2.666,1281
2026-03-29T06:38:01.801000+00:00,11253,16,16.103,2.623,1281
2026-03-29T06:38:08.168000+00:00,11253,16,16.203,2.467,1281
2026-03-29T06:38:12.085000+00:00,11253,16,16.332,2.48,1281
2026-03-29T06:38:15.673000+00:00,11253,16,16.393,2.53,1281
2026-03-29T06:38:18.816000+00:00,11253,16,16.423,2.339,1281
2026-03-29T06:38:23.721000+00:00,11253,16,16.491,2.257,1281
2026-03-29T06:38:27.729000+00:00,11253,16,16.44,2.266,1281
2026-03-29T06:38:33.271000+00:00,11253,16,16.471,2.381,1281
2026-03-29T06:38:37.314000+00:00,11253,16,16.455,2.317,1281
2026-03-29T06:38:39.911000+00:00,11253,16,16.429,2.231,1281
2026-03-29T06:38:42.905000+00:00,11253,16,16.439,2.184,1281
2026-03-29T06:38:46.076000+00:00,11253,16,16.463,2.228,1281
2026-03-29T06:38:50.406000+00:00,11253,16,16.492,2.289,1281
2026-03-29T06:38:54.482000+00:00,11253,16,16.464,2.264,1281
2026-03-29T06:38:57.088000+00:00,11253,16,16.388,2.154,1281
2026-03-29T06:39:01.581000+00:00,11253,16,16.217,1.9,1281
2026-03-29T06:39:05.304000+00:00,11253,16,16.286,1.907,1281
2026-03-29T06:39:09.711000+00:00,11253,16,16.514,1.99,1281
2026-03-29T06:39:12.296000+00:00,11253,16,16.435,2.002,1281
2026-03-29T06:39:13.716000+00:00,11253,16,16.429,2.015,1281
2026-03-29T06:39:14.398000+00:00,11253,16,,2.017,1281
2026-03-29T06:39:15.170000+00:00,11253,16,16.423,2.019,1281
2026-03-29T06:39:19.423000+00:00,11253,16,16.386,1.949,1281
2026-03-29T06:39:21.618000+00:00,11253,16,16.359,1.89,1281
2026-03-29T06:39:24.697000+00:00,11253,16,16.193,1.876,1281
2026-03-29T06:39:28.386000+00:00,11253,16,16.204,1.933,1281
2026-03-29T06:39:31.669000+00:00,11253,16,16.227,1.922,1281
2026-03-29T06:39:34.998000+00:00,11253,16,16.286,1.928,1281
2026-03-29T06:39:41.472000+00:00,11253,16,16.499,2.091,1281
2026-03-29T06:39:45.352000+00:00,11253,16,16.607,2.164,1281
2026-03-29T06:39:48.821000+00:00,11253,16,16.555,2.151,1281
2026-03-29T06:39:51.864000+00:00,11253,16,16.461,2.067,1281
2026-03-29T06:39:56.788000+00:00,11253,16,16.489,2.11,1281
2026-03-29T06:40:00.984000+00:00,11253,16,16.544,2.19,1281
2026-03-29T06:40:06.184000+00:00,11253,16,16.444,2.191,1281
2026-03-29T06:40:10.274000+00:00,11253,16,16.485,2.215,1281
2026-03-29T06:40:12.941000+00:00,11253,16,16.523,2.19,1281
2026-03-29T06:40:15.929000+00:00,11253,16,16.56,2.167,1281
2026-03-29T06:40:19.024000+00:00,11253,16,16.435,2.117,1281
2026-03-29T06:40:23.233000+00:00,11253,16,16.363,2.068,1281
2026-03-29T06:40:27.332000+00:00,11253,16,16.358,2.066,1281
2026-03-29T06:40:30.053000+00:00,11253,16,16.391,2.067,1281
2026-03-29T06:40:34.785000+00:00,11253,16,16.455,2.055,1281
2026-03-29T06:40:38.476000+00:00,11253,16,16.534,2.112,1281
2026-03-29T06:40:43.020000+00:00,11253,16,16.742,2.184,1281
2026-03-29T06:40:45.453000+00:00,11253,16,16.695,2.196,1281
2026-03-29T06:40:46.914000+00:00,11253,16,16.703,2.204,1281
2026-03-29T06:40:47.602000+00:00,11253,16,16.704,2.206,1281
2026-03-29T06:40:48.362000+00:00,11253,16,16.699,2.208,1281
2026-03-29T06:40:52.611000+00:00,11253,16,16.691,2.141,1281
2026-03-29T06:40:54.812000+00:00,11253,16,16.69,2.091,1281
2026-03-29T06:40:57.864000+00:00,11253,16,16.539,2.046,1281
2026-03-29T06:41:01.546000+00:00,11253,16,16.542,2.056,1281
2026-03-29T06:41:04.828000+00:00,11253,16,16.593,2.083,1281
2026-03-29T06:41:08.076000+00:00,11253,16,16.513,1.973,1281
2026-03-29T06:41:14.435000+00:00,11253,16,16.636,1.967,1281
2026-03-29T06:41:18.340000+00:00,11253,16,16.733,2.053,1281
2026-03-29T06:41:21.884000+00:00,11253,16,16.706,2.087,1281
2026-03-29T06:41:24.928000+00:00,11253,16,16.523,2.013,1281
2026-03-29T06:41:29.805000+00:00,11253,16,16.426,1.996,1281
2026-03-29T06:41:33.780000+00:00,11253,16,16.373,1.986,1281
2026-03-29T06:41:39.161000+00:00,11253,16,16.332,1.988,1281
2026-03-29T06:41:43.237000+00:00,11253,16,16.319,1.97,1281
2026-03-29T06:41:45.831000+00:00,11253,16,16.305,1.892,1281
2026-03-29T06:41:48.761000+00:00,11253,16,16.3,1.817,1281
2026-03-29T06:41:51.881000+00:00,11253,16,16.188,1.795,1281
2026-03-29T06:41:56.143000+00:00,11253,16,16.113,1.786,1281
2026-03-29T06:42:00.238000+00:00,11253,16,16.075,1.751,1281
2026-03-29T06:42:02.916000+00:00,11253,16,16.07,1.716,1281
2026-03-29T06:42:07.494000+00:00,11253,16,16.025,1.582,1281
2026-03-29T06:42:11.011000+00:00,11253,16,15.9,1.445,1281
2026-03-29T06:42:15.530000+00:00,11253,16,16.009,1.52,1281
2026-03-29T06:42:18.090000+00:00,11253,16,16.026,1.534,1281
2026-03-29T06:42:19.572000+00:00,11253,16,15.899,1.535,1281
2026-03-29T06:42:20.236000+00:00,11253,16,15.702,1.538,1281
2026-03-29T06:42:20.991000+00:00,11253,16,15.27,1.548,1281
